step,latency_ms,algbw_GBs,busbw_GBs,timestamp,vram_used_gb,chunk_mb
0,17.8773,5.2793,4.6194,1778561400.588,,
0,38.351,2.461,2.1533,1778561400.64,,
0,17.6746,5.3399,4.6724,1778561400.672,,
0,23.4653,4.0221,3.5193,1778561400.708,,
0,25.2642,3.7357,3.2688,1778561400.765,,
0,19.4234,4.8591,4.2517,1778561400.797,,
0,23.112,4.0836,3.5731,1778561400.848,,
0,24.6335,3.8314,3.3525,1778561400.893,,
0,14.2697,6.614,5.7873,1778561400.926,,
0,19.493,4.8417,4.2365,1778561400.98,,
0,23.6658,3.988,3.4895,1778561401.02,,
0,21.0184,4.4904,3.9291,1778561401.073,,
0,21.6734,4.3546,3.8103,1778561401.108,,
0,19.3135,4.8867,4.2759,1778561401.139,,
0,18.8661,5.0026,4.3773,1778561401.172,,
0,10.7854,8.7507,7.6569,1778561401.187,,
0,150.0648,7.0015,6.1263,1778561401.34,2.103,64
1,19.7779,4.772,4.1755,1778561410.84,,
1,21.0743,4.4784,3.9186,1778561410.875,,
1,19.1411,4.9308,4.3144,1778561410.908,,
1,5.6296,16.765,14.6693,1778561410.926,,
1,18.2077,5.1835,4.5356,1778561410.96,,
1,16.0524,5.8795,5.1445,1778561410.992,,
1,27.73,3.4035,2.9781,1778561411.044,,
1,16.0647,5.875,5.1406,1778561411.083,,
1,20.046,4.7082,4.1197,1778561411.117,,
1,12.1412,7.7735,6.8019,1778561411.157,,
1,23.597,3.9997,3.4997,1778561411.196,,
1,18.7488,5.0339,4.4047,1778561411.228,,
1,4.1081,22.9743,20.1025,1778561411.245,,
1,19.7583,4.7767,4.1796,1778561411.299,,
1,18.7883,5.0233,4.3954,1778561411.332,,
1,19.2847,4.894,4.2823,1778561411.353,,
1,114.6829,9.1616,8.0164,1778561411.47,7.224,64
2,28.1162,3.3568,2.9372,1778561412.08,,
2,23.5263,4.0117,3.5102,1778561412.12,,
2,27.1813,3.4722,3.0382,1778561412.16,,
2,18.4799,5.1072,4.4688,1778561412.192,,
2,5.4079,17.4523,15.2708,1778561412.209,,
2,26.5989,3.5483,3.1047,1778561412.259,,
2,38.115,2.4762,2.1667,1778561412.308,,
2,18.6215,5.0683,4.4348,1778561412.34,,
2,20.1259,4.6895,4.1033,1778561412.376,,
2,18.2331,5.1763,4.5293,1778561412.408,,
2,15.3933,6.1312,5.3648,1778561412.436,,
2,19.4254,4.8586,4.2513,1778561412.472,,
2,22.8752,4.1259,3.6101,1778561412.508,,
2,19.1149,4.9375,4.3203,1778561412.539,,
2,19.5012,4.8397,4.2347,1778561412.573,,
2,13.4393,7.0227,6.1449,1778561412.588,,
2,125.4771,8.3735,7.3268,1778561412.716,7.224,64
3,20.0902,4.6978,4.1106,1778561413.345,,
3,22.2388,4.2439,3.7134,1778561413.396,,
3,24.0066,3.9314,3.44,1778561413.437,,
3,16.4075,5.7522,5.0332,1778561413.476,,
3,12.5272,7.534,6.5922,1778561413.505,,
3,28.2022,3.3465,2.9282,1778561413.548,,
3,21.0846,4.4762,3.9167,1778561413.581,,
3,3.598,26.2316,22.9526,1778561413.598,,
3,22.3242,4.2277,3.6992,1778561413.647,,
3,16.6343,5.6738,4.9646,1778561413.684,,
3,23.3562,4.0409,3.5358,1778561413.735,,
3,17.3258,5.4474,4.7665,1778561413.765,,
3,34.9682,2.699,2.3616,1778561413.817,,
3,18.8353,5.0108,4.3844,1778561413.867,,
3,11.5906,8.1428,7.1249,1778561413.892,,
3,22.0964,4.2713,3.7374,1778561413.916,,
3,144.1776,7.2874,6.3765,1778561414.062,7.224,64
4,19.3616,4.8746,4.2653,1778561414.708,,
4,21.4787,4.3941,3.8449,1778561414.747,,
4,19.5963,4.8162,4.2142,1778561414.788,,
4,23.7138,3.98,3.4825,1778561414.828,,
4,14.7991,6.3774,5.5802,1778561414.856,,
4,27.6884,3.4086,2.9826,1778561414.891,,
4,5.5813,16.91,14.7963,1778561414.925,,
4,23.7293,3.9774,3.4802,1778561414.972,,
4,26.7202,3.5322,3.0906,1778561415.011,,
4,20.5656,4.5892,4.0156,1778561415.06,,
4,17.7266,5.3242,4.6587,1778561415.092,,
4,20.3375,4.6407,4.0606,1778561415.128,,
4,19.2195,4.9106,4.2968,1778561415.165,,
4,20.3718,4.6329,4.0538,1778561415.213,,
4,14.0465,6.7191,5.8792,1778561415.239,,
4,14.4142,6.5477,5.7292,1778561415.256,,
4,154.1152,6.8175,5.9653,1778561415.412,7.224,64
5,20.2327,4.6647,4.0816,1778561416.012,,
5,24.4279,3.8636,3.3807,1778561416.053,,
5,16.9437,5.5702,4.8739,1778561416.09,,
5,28.028,3.3673,2.9464,1778561416.132,,
5,20.834,4.5301,3.9638,1778561416.172,,
5,25.8123,3.6564,3.1993,1778561416.212,,
5,15.7985,5.974,5.2273,1778561416.244,,
5,4.0825,23.118,20.2283,1778561416.261,,
5,18.4223,5.1231,4.4827,1778561416.292,,
5,10.4488,9.0326,7.9036,1778561416.309,,
5,9.894,9.5392,8.3468,1778561416.35,,
5,21.0036,4.4935,3.9318,1778561416.388,,
5,22.403,4.2128,3.6862,1778561416.424,,
5,24.061,3.9225,3.4322,1778561416.461,,
5,18.0802,5.2201,4.5676,1778561416.494,,
5,13.6797,6.8993,6.0368,1778561416.509,,
5,153.0579,6.8646,6.0065,1778561416.664,7.224,64
6,19.2066,4.9139,4.2997,1778561417.312,,
6,20.3639,4.6347,4.0553,1778561417.346,,
6,28.4876,3.313,2.8989,1778561417.397,,
6,28.1386,3.3541,2.9348,1778561417.448,,
6,29.0154,3.2528,2.8462,1778561417.497,,
6,19.4592,4.8501,4.2439,1778561417.536,,
6,13.731,6.8735,6.0143,1778561417.563,,
6,23.7437,3.9749,3.4781,1778561417.61,,
6,15.3744,6.1388,5.3714,1778561417.643,,
6,19.2552,4.9015,4.2888,1778561417.672,,
6,20.0196,4.7144,4.1251,1778561417.705,,
6,14.8008,6.3767,5.5796,1778561417.739,,
6,16.5161,5.7144,5.0001,1778561417.78,,
6,14.5284,6.4963,5.6842,1778561417.808,,
6,21.0001,4.4943,3.9325,1778561417.845,,
6,24.862,3.7962,3.3216,1778561417.872,,
6,145.4784,7.2222,6.3194,1778561418.02,7.224,64
7,13.4705,7.0064,6.1306,1778561418.577,,
7,39.4064,2.395,2.0957,1778561418.636,,
7,19.6613,4.8003,4.2003,1778561418.669,,
7,19.7209,4.7858,4.1876,1778561418.716,,
7,30.3185,3.113,2.7238,1778561418.759,,
7,30.8863,3.0557,2.6738,1778561418.808,,
7,23.1248,4.0813,3.5712,1778561418.844,,
7,18.384,5.1338,4.4921,1778561418.876,,
7,3.7916,24.8918,21.7803,1778561418.897,,
7,15.3982,6.1293,5.3631,1778561418.924,,
7,19.7354,4.7823,4.1845,1778561418.956,,
7,22.6799,4.1614,3.6412,1778561419.0,,
7,20.9433,4.5065,3.9432,1778561419.045,,
7,31.6041,2.9863,2.613,1778561419.092,,
7,26.6275,3.5445,3.1014,1778561419.127,,
7,6.9604,13.5595,11.8646,1778561419.136,,
7,141.5567,7.4223,6.4945,1778561419.28,7.224,64
8,19.739,4.7814,4.1837,1778561419.863,,
8,11.9778,7.8796,6.8947,1778561419.888,,
8,20.8659,4.5232,3.9578,1778561419.937,,
8,23.5888,4.0011,3.5009,1778561419.984,,
8,30.8218,3.0621,2.6794,1778561420.036,,
8,23.9029,3.9485,3.4549,1778561420.073,,
8,20.5272,4.5978,4.0231,1778561420.121,,
8,13.4984,6.9919,6.1179,1778561420.154,,
8,3.8172,24.7248,21.6342,1778561420.173,,
8,15.5873,6.0549,5.2981,1778561420.212,,
8,23.9541,3.94,3.4475,1778561420.26,,
8,30.384,3.1062,2.718,1778561420.304,,
8,24.8535,3.7975,3.3228,1778561420.348,,
8,14.7441,6.4012,5.6011,1778561420.381,,
8,13.7691,6.8545,5.9977,1778561420.41,,
8,11.4363,8.2527,7.2211,1778561420.424,,
8,129.9372,8.086,7.0753,1778561420.556,7.224,64
9,24.0121,3.9305,3.4392,1778561421.156,,
9,29.0661,3.2471,2.8412,1778561421.208,,
9,19.3187,4.8854,4.2747,1778561421.239,,
9,16.7352,5.6396,4.9347,1778561421.27,,
9,4.3353,21.77,19.0487,1778561421.288,,
9,16.1072,5.8595,5.127,1778561421.318,,
9,15.9126,5.9311,5.1897,1778561421.352,,
9,34.7165,2.7186,2.3788,1778561421.4,,
9,27.5236,3.4291,3.0004,1778561421.452,,
9,23.9679,3.9378,3.4455,1778561421.496,,
9,20.1592,4.6817,4.0965,1778561421.543,,
9,18.8747,5.0003,4.3753,1778561421.585,,
9,3.7847,24.9372,21.8201,1778561421.604,,
9,13.0446,7.2352,6.3308,1778561421.628,,
9,18.5271,5.0942,4.4574,1778561421.664,,
9,14.5084,6.5052,5.6921,1778561421.68,,
9,117.9498,8.9078,7.7944,1778561421.8,7.224,64
10,11.9419,7.9033,6.9154,1778561422.444,,
10,24.4758,3.8561,3.3741,1778561422.495,,
10,15.5612,6.0651,5.3069,1778561422.523,,
10,4.1039,22.9978,20.1231,1778561422.54,,
10,35.7036,2.6434,2.313,1778561422.6,,
10,20.0101,4.7166,4.127,1778561422.636,,
10,20.1529,4.6832,4.0978,1778561422.68,,
10,22.346,4.2236,3.6956,1778561422.718,,
10,9.5989,9.8324,8.6034,1778561422.75,,
10,20.2614,4.6581,4.0758,1778561422.804,,
10,19.3521,4.877,4.2674,1778561422.837,,
10,32.4613,2.9075,2.544,1778561422.904,,
10,20.2529,4.6601,4.0776,1778561422.94,,
10,20.0167,4.7151,4.1257,1778561422.996,,
10,19.39,4.8675,4.259,1778561423.028,,
10,15.2661,6.1823,5.4095,1778561423.045,,
10,162.4189,6.4689,5.6603,1778561423.21,7.224,64
11,35.9952,2.622,2.2943,1778561423.828,,
11,38.3239,2.4627,2.1549,1778561423.88,,
11,23.2877,4.0528,3.5462,1778561423.919,,
11,15.2819,6.176,5.404,1778561423.949,,
11,15.4092,6.1249,5.3593,1778561423.988,,
11,14.4105,6.5494,5.7307,1778561424.016,,
11,20.2123,4.6694,4.0858,1778561424.052,,
11,6.7452,13.9921,12.2431,1778561424.072,,
11,19.1172,4.9369,4.3198,1778561424.119,,
11,19.928,4.736,4.144,1778561424.166,,
11,39.0232,2.4186,2.1162,1778561424.228,,
11,16.0242,5.8898,5.1536,1778561424.251,,
11,18.8883,4.9968,4.3722,1778561424.284,,
11,16.0461,5.8818,5.1466,1778561424.316,,
11,23.6797,3.9857,3.4875,1778561424.352,,
11,14.2928,6.6033,5.7779,1778561424.368,,
11,119.4167,8.7984,7.6986,1778561424.49,7.224,64
12,20.4809,4.6082,4.0322,1778561425.074,,
12,19.1726,4.9226,4.3073,1778561425.12,,
12,12.1869,7.7444,6.7763,1778561425.148,,
12,25.3947,3.7165,3.252,1778561425.188,,
12,23.3974,4.0338,3.5296,1778561425.225,,
12,35.3147,2.6725,2.3385,1778561425.276,,
12,19.938,4.7337,4.142,1778561425.315,,
12,20.2603,4.6584,4.0761,1778561425.356,,
12,45.5834,2.0705,1.8117,1778561425.416,,
12,24.0611,3.9225,3.4322,1778561425.456,,
12,34.6137,2.7267,2.3858,1778561425.504,,
12,30.2691,3.118,2.7283,1778561425.556,,
12,28.3348,3.3309,2.9145,1778561425.591,,
12,27.424,3.4415,3.0113,1778561425.636,,
12,12.7981,7.3745,6.4527,1778561425.656,,
12,11.8178,7.9863,6.988,1778561425.669,,
12,153.5856,6.841,5.9859,1778561425.825,7.224,64
13,11.7971,8.0003,7.0002,1778561426.356,,
13,19.6409,4.8053,4.2046,1778561426.396,,
13,20.1402,4.6862,4.1004,1778561426.44,,
13,15.6257,6.0401,5.2851,1778561426.476,,
13,17.8737,5.2804,4.6203,1778561426.512,,
13,15.7293,6.0003,5.2502,1778561426.548,,
13,16.8296,5.608,4.907,1778561426.586,,
13,19.1091,4.939,4.3216,1778561426.622,,
13,35.9295,2.6268,2.2985,1778561426.676,,
13,19.6727,4.7975,4.1978,1778561426.717,,
13,12.4735,7.5665,6.6207,1778561426.748,,
13,25.544,3.6948,3.2329,1778561426.794,,
13,17.3428,5.442,4.7618,1778561426.854,,
13,15.4219,6.1199,5.3549,1778561426.876,,
13,17.9499,5.258,4.6007,1778561426.924,,
13,14.9997,6.2921,5.5056,1778561426.941,,
13,140.9639,7.4535,6.5218,1778561427.084,7.224,64
14,19.4344,4.8563,4.2493,1778561427.676,,
14,19.283,4.8945,4.2827,1778561427.712,,
14,15.4792,6.0972,5.3351,1778561427.744,,
14,3.7699,25.0354,21.906,1778561427.761,,
14,19.948,4.7313,4.1399,1778561427.808,,
14,19.7152,4.7872,4.1888,1778561427.848,,
14,15.9867,5.9037,5.1657,1778561427.892,,
14,12.7549,7.3995,6.4746,1778561427.934,,
14,20.7963,4.5383,3.971,1778561427.97,,
14,12.0354,7.8419,6.8616,1778561428.0,,
14,8.0896,11.6668,10.2085,1778561428.024,,
14,31.7482,2.9728,2.6012,1778561428.08,,
14,36.1403,2.6115,2.2851,1778561428.132,,
14,22.5468,4.186,3.6627,1778561428.165,,
14,16.3421,5.7753,5.0534,1778561428.196,,
14,14.097,6.6951,5.8582,1778561428.212,,
14,153.9493,6.8248,5.9717,1778561428.368,7.224,64
15,36.8939,2.5581,2.2384,1778561428.98,,
15,20.2371,4.6637,4.0807,1778561429.016,,
15,19.9283,4.736,4.144,1778561429.057,,
15,5.1947,18.1687,15.8976,1778561429.076,,
15,18.3386,5.1465,4.5032,1778561429.111,,
15,13.0562,7.2288,6.3252,1778561429.145,,
15,24.4655,3.8577,3.3755,1778561429.191,,
15,20.7752,4.5429,3.9751,1778561429.224,,
15,15.99,5.9025,5.1647,1778561429.261,,
15,20.0903,4.6978,4.1106,1778561429.296,,
15,25.7663,3.6629,3.2051,1778561429.334,,
15,11.939,7.9052,6.9171,1778561429.36,,
15,11.981,7.8775,6.8928,1778561429.392,,
15,19.9895,4.7215,4.1313,1778561429.432,,
15,30.194,3.1258,2.7351,1778561429.476,,
15,15.7641,5.987,5.2386,1778561429.494,,
15,125.4291,8.3767,7.3296,1778561429.621,7.224,64
16,20.2899,4.6516,4.0701,1778561430.249,,
16,17.5833,5.3676,4.6967,1778561430.28,,
16,8.704,10.8433,9.4879,1778561430.301,,
16,19.7816,4.7711,4.1747,1778561430.352,,
16,16.2252,5.8169,5.0898,1778561430.392,,
16,20.6037,4.5807,4.0081,1778561430.429,,
16,28.3402,3.3303,2.914,1778561430.484,,
16,17.7141,5.328,4.662,1778561430.516,,
16,15.0859,6.2562,5.4742,1778561430.539,,
16,37.651,2.5067,2.1934,1778561430.612,,
16,19.5872,4.8184,4.2161,1778561430.652,,
16,28.1339,3.3547,2.9353,1778561430.696,,
16,14.3717,6.5671,5.7462,1778561430.716,,
16,11.2418,8.3955,7.346,1778561430.734,,
16,13.1683,7.1672,6.2713,1778561430.761,,
16,22.2617,4.2396,3.7096,1778561430.785,,
16,162.7645,6.4552,5.6483,1778561430.95,7.224,64
17,18.6034,5.0733,4.4391,1778561431.544,,
17,16.7982,5.6184,4.9161,1778561431.581,,
17,20.0853,4.699,4.1116,1778561431.613,,
17,3.9744,23.747,20.7786,1778561431.631,,
17,4.2551,22.1804,19.4079,1778561431.648,,
17,14.8418,6.3591,5.5642,1778561431.677,,
17,31.1732,3.0276,2.6492,1778561431.724,,
17,10.7427,8.7855,7.6873,1778561431.759,,
17,21.0228,4.4894,3.9282,1778561431.799,,
17,14.9339,6.3198,5.5299,1778561431.828,,
17,27.4936,3.4328,3.0037,1778561431.869,,
17,24.0163,3.9298,3.4386,1778561431.908,,
17,23.3653,4.0393,3.5344,1778561431.944,,
17,38.8754,2.4278,2.1243,1778561431.996,,
17,22.3127,4.2299,3.7011,1778561432.031,,
17,29.5288,3.1962,2.7967,1778561432.063,,
17,144.8084,7.2556,6.3487,1778561432.21,7.224,64
18,8.4727,11.1393,9.7469,1778561432.788,,
18,11.0298,8.5568,7.4872,1778561432.831,,
18,26.5971,3.5485,3.1049,1778561432.879,,
18,19.8546,4.7536,4.1594,1778561432.924,,
18,19.7448,4.78,4.1825,1778561432.964,,
18,35.9163,2.6278,2.2993,1778561433.012,,
18,23.8496,3.9573,3.4626,1778561433.048,,
18,19.7828,4.7708,4.1745,1778561433.087,,
18,29.3643,3.2141,2.8123,1778561433.128,,
18,19.6679,4.7987,4.1988,1778561433.161,,
18,17.8106,5.2991,4.6367,1778561433.192,,
18,25.8036,3.6576,3.2004,1778561433.23,,
18,23.8141,3.9632,3.4678,1778561433.269,,
18,16.2063,5.8237,5.0957,1778561433.313,,
18,20.0674,4.7032,4.1153,1778561433.352,,
18,15.0591,6.2673,5.4839,1778561433.369,,
18,172.514,6.0904,5.3291,1778561433.544,7.224,64
19,19.9474,4.7314,4.14,1778561434.128,,
19,25.6998,3.6724,3.2133,1778561434.168,,
19,35.1678,2.6837,2.3482,1778561434.216,,
19,21.3706,4.4164,3.8643,1778561434.249,,
19,12.5443,7.5238,6.5833,1778561434.284,,
19,14.5276,6.4966,5.6845,1778561434.335,,
19,21.6576,4.3578,3.8131,1778561434.384,,
19,19.4267,4.8583,4.251,1778561434.417,,
19,15.8243,5.9643,5.2187,1778561434.448,,
19,11.6164,8.1248,7.1092,1778561434.472,,
19,39.7489,2.3744,2.0776,1778561434.528,,
19,22.8147,4.1368,3.6197,1778561434.57,,
19,30.2856,3.1163,2.7268,1778561434.616,,
19,19.8516,4.7543,4.16,1778561434.648,,
19,23.2729,4.0554,3.5484,1778561434.684,,
19,18.1399,5.2029,4.5525,1778561434.705,,
19,181.4948,5.789,5.0654,1778561434.888,7.224,64
20,20.2833,4.6531,4.0715,1778561435.517,,
20,16.6779,5.659,4.9516,1778561435.57,,
20,31.105,3.0342,2.655,1778561435.615,,
20,23.978,3.9361,3.4441,1778561435.656,,
20,20.062,4.7044,4.1164,1778561435.7,,
20,9.0825,10.3914,9.0925,1778561435.741,,
20,24.5846,3.839,3.3591,1778561435.781,,
20,24.3188,3.881,3.3958,1778561435.824,,
20,20.7581,4.5467,3.9783,1778561435.869,,
20,19.7099,4.7885,4.1899,1778561435.919,,
20,14.816,6.3701,5.5739,1778561435.955,,
20,35.3087,2.673,2.3389,1778561436.012,,
20,19.8855,4.7462,4.1529,1778561436.044,,
20,23.5991,3.9993,3.4994,1778561436.08,,
20,31.4804,2.9981,2.6233,1778561436.128,,
20,22.0552,4.2793,3.7444,1778561436.152,,
20,134.3955,7.8178,6.8406,1778561436.288,7.224,64
21,20.073,4.7018,4.1141,1778561445.724,,
21,15.6761,6.0206,5.268,1778561445.752,,
21,23.4518,4.0244,3.5214,1778561445.792,,
21,20.385,4.6299,4.0511,1778561445.833,,
21,18.9364,4.984,4.361,1778561445.872,,
21,21.9972,4.2905,3.7542,1778561445.908,,
21,19.5955,4.8164,4.2144,1778561445.94,,
21,15.032,6.2786,5.4938,1778561445.968,,
21,17.0317,5.5414,4.8487,1778561445.997,,
21,19.9361,4.7341,4.1424,1778561446.048,,
21,12.3922,7.6161,6.6641,1778561446.073,,
21,31.5724,2.9893,2.6157,1778561446.124,,
21,21.8037,4.3286,3.7875,1778561446.16,,
21,14.8764,6.3443,5.5512,1778561446.188,,
21,27.8745,3.3859,2.9627,1778561446.232,,
21,18.432,5.1205,4.4804,1778561446.252,,
21,149.72,7.0176,6.1404,1778561446.404,7.224,64
22,24.1111,3.9144,3.4251,1778561446.976,,
22,22.0579,4.2787,3.7439,1778561447.011,,
22,18.6539,5.0595,4.4271,1778561447.041,,
22,19.0712,4.9488,4.3302,1778561447.087,,
22,19.714,4.7875,4.189,1778561447.12,,
22,16.6684,5.6622,4.9544,1778561447.152,,
22,18.8905,4.9962,4.3717,1778561447.184,,
22,15.4621,6.104,5.341,1778561447.208,,
22,19.8628,4.7516,4.1576,1778561447.26,,
22,27.6794,3.4098,2.9835,1778561447.3,,
22,35.579,2.6527,2.3211,1778561447.352,,
22,23.825,3.9614,3.4662,1778561447.388,,
22,12.0663,7.8218,6.8441,1778561447.432,,
22,23.6311,3.9939,3.4946,1778561447.476,,
22,19.7695,4.774,4.1773,1778561447.516,,
22,14.4527,6.5303,5.714,1778561447.532,,
22,130.0515,8.0789,7.0691,1778561447.664,7.224,64
23,16.346,5.7739,5.0521,1778561448.26,,
23,15.2208,6.2007,5.4256,1778561448.291,,
23,18.8205,5.0147,4.3879,1778561448.317,,
23,15.4397,6.1128,5.3487,1778561448.348,,
23,25.9864,3.6319,3.1779,1778561448.391,,
23,16.9951,5.5534,4.8592,1778561448.421,,
23,9.614,9.8169,8.5898,1778561448.466,,
23,23.8888,3.9508,3.457,1778561448.512,,
23,23.5932,4.0003,3.5003,1778561448.55,,
23,19.8936,4.7442,4.1512,1778561448.596,,
23,4.1665,22.6523,19.8208,1778561448.613,,
23,18.4075,5.1273,4.4864,1778561448.644,,
23,19.1424,4.9304,4.3141,1778561448.676,,
23,16.5212,5.7126,4.9986,1778561448.716,,
23,25.8747,3.6476,3.1916,1778561448.752,,
23,14.7421,6.4021,5.6018,1778561448.768,,
23,161.3206,6.513,5.6989,1778561448.932,7.224,64
24,14.4028,6.5529,5.7338,1778561449.482,,
24,18.7239,5.0406,4.4105,1778561449.531,,
24,30.2739,3.1175,2.7278,1778561449.587,,
24,16.3703,5.7653,5.0447,1778561449.621,,
24,19.0841,4.9455,4.3273,1778561449.66,,
24,14.5739,6.476,5.6665,1778561449.688,,
24,27.9563,3.376,2.954,1778561449.732,,
24,28.1495,3.3528,2.9337,1778561449.78,,
24,29.3338,3.2175,2.8153,1778561449.824,,
24,19.8399,4.7571,4.1625,1778561449.864,,
24,19.5885,4.8181,4.2159,1778561449.908,,
24,16.2764,5.7986,5.0738,1778561449.938,,
24,30.4143,3.1031,2.7153,1778561449.994,,
24,19.209,4.9133,4.2992,1778561450.024,,
24,19.7884,4.7695,4.1733,1778561450.056,,
24,14.4219,6.5442,5.7262,1778561450.072,,
24,186.4158,5.6362,4.9317,1778561450.261,7.224,64
25,19.8424,4.7565,4.1619,1778561450.852,,
25,20.2071,4.6706,4.0868,1778561450.884,,
25,20.5073,4.6023,4.027,1778561450.925,,
25,29.2882,3.2225,2.8197,1778561450.976,,
25,26.401,3.5749,3.128,1778561451.016,,
25,19.7022,4.7903,4.1915,1778561451.052,,
25,26.8259,3.5182,3.0785,1778561451.092,,
25,26.31,3.5872,3.1388,1778561451.128,,
25,19.3017,4.8897,4.2785,1778561451.161,,
25,23.8952,3.9497,3.456,1778561451.216,,
25,31.0262,3.0419,2.6617,1778561451.267,,
25,19.0555,4.9529,4.3338,1778561451.299,,
25,3.6494,25.862,22.6292,1778561451.317,,
25,20.327,4.6431,4.0627,1778561451.369,,
25,4.2791,22.0559,19.2989,1778561451.388,,
25,12.1921,7.7411,6.7734,1778561451.402,,
25,143.6476,7.3143,6.4,1778561451.548,7.224,64
26,19.7425,4.7806,4.183,1778561452.168,,
26,18.3424,5.1454,4.5023,1778561452.2,,
26,22.62,4.1724,3.6509,1778561452.255,,
26,21.4897,4.3919,3.8429,1778561452.291,,
26,31.0197,3.0426,2.6623,1778561452.34,,
26,20.0314,4.7116,4.1227,1778561452.373,,
26,23.8091,3.964,3.4685,1778561452.416,,
26,18.7322,5.0384,4.4086,1778561452.448,,
26,13.2177,7.1404,6.2479,1778561452.469,,
26,31.2032,3.0247,2.6466,1778561452.52,,
26,14.3314,6.5855,5.7623,1778561452.558,,
26,16.4237,5.7466,5.0282,1778561452.592,,
26,20.8934,4.5172,3.9526,1778561452.636,,
26,20.1972,4.6729,4.0888,1778561452.676,,
26,3.935,23.9845,20.9865,1778561452.693,,
26,29.4415,3.2057,2.805,1778561452.724,,
26,137.6272,7.6342,6.6799,1778561452.864,7.224,64
27,32.3633,2.9163,2.5517,1778561453.472,,
27,25.6716,3.6764,3.2169,1778561453.504,,
27,19.8735,4.749,4.1554,1778561453.552,,
27,15.2579,6.1856,5.4124,1778561453.584,,
27,26.1452,3.6098,3.1586,1778561453.624,,
27,18.6209,5.0685,4.4349,1778561453.656,,
27,15.397,6.1298,5.3635,1778561453.684,,
27,19.6082,4.8133,4.2116,1778561453.728,,
27,34.5138,2.7346,2.3927,1778561453.776,,
27,28.1066,3.3579,2.9382,1778561453.818,,
27,19.3738,4.8715,4.2626,1778561453.848,,
27,14.2242,6.6352,5.8058,1778561453.876,,
27,15.8844,5.9417,5.199,1778561453.911,,
27,15.3809,6.1362,5.3692,1778561453.944,,
27,10.5492,8.9467,7.8283,1778561453.961,,
27,17.4584,5.406,4.7302,1778561453.98,,
27,131.1101,8.0137,7.012,1778561454.113,7.224,64
28,16.5053,5.7181,5.0034,1778561454.68,,
28,6.0744,15.5373,13.5952,1778561454.698,,
28,11.424,8.2616,7.2289,1778561454.724,,
28,13.8214,6.8285,5.975,1778561454.758,,
28,20.5895,4.5839,4.0109,1778561454.805,,
28,17.1694,5.497,4.8099,1778561454.837,,
28,19.7687,4.7742,4.1774,1778561454.872,,
28,22.3951,4.2143,3.6875,1778561454.924,,
28,20.2012,4.672,4.088,1778561454.976,,
28,18.4308,5.1208,4.4807,1778561455.02,,
28,21.646,4.3602,3.8151,1778561455.056,,
28,18.8072,5.0183,4.391,1778561455.084,,
28,19.6161,4.8114,4.2099,1778561455.116,,
28,23.6858,3.9847,3.4866,1778561455.152,,
28,26.4636,3.5664,3.1206,1778561455.202,,
28,15.7306,5.9998,5.2498,1778561455.22,,
28,162.1782,6.4785,5.6687,1778561455.384,7.224,64
29,19.2674,4.8984,4.2861,1778561455.979,,
29,18.8655,5.0028,4.3774,1778561456.012,,
29,31.9556,2.9535,2.5843,1778561456.084,,
29,25.5677,3.6914,3.23,1778561456.121,,
29,20.453,4.6145,4.0377,1778561456.164,,
29,12.0428,7.837,6.8574,1778561456.204,,
29,16.4765,5.7282,5.0121,1778561456.252,,
29,23.4752,4.0204,3.5179,1778561456.292,,
29,14.2251,6.6347,5.8054,1778561456.34,,
29,20.6851,4.5627,3.9924,1778561456.373,,
29,17.5892,5.3658,4.6951,1778561456.42,,
29,25.4066,3.7148,3.2504,1778561456.459,,
29,15.9096,5.9323,5.1907,1778561456.488,,
29,19.1501,4.9284,4.3124,1778561456.528,,
29,14.0986,6.6943,5.8575,1778561456.556,,
29,11.7081,8.0611,7.0535,1778561456.575,,
29,106.5628,9.8597,8.6272,1778561456.684,7.224,64
30,23.2584,4.0579,3.5507,1778561457.312,,
30,30.0832,3.1373,2.7451,1778561457.356,,
30,27.1433,3.4771,3.0425,1778561457.398,,
30,23.6496,3.9908,3.4919,1778561457.444,,
30,19.8136,4.7634,4.168,1778561457.476,,
30,23.419,4.0301,3.5263,1778561457.528,,
30,19.4347,4.8563,4.2492,1778561457.561,,
30,20.5576,4.591,4.0171,1778561457.608,,
30,19.5868,4.8185,4.2162,1778561457.643,,
30,19.6578,4.8012,4.201,1778561457.692,,
30,18.0647,5.2246,4.5715,1778561457.724,,
30,19.4451,4.8537,4.247,1778561457.756,,
30,23.3422,4.0433,3.5379,1778561457.793,,
30,27.8328,3.391,2.9671,1778561457.84,,
30,28.2668,3.3389,2.9215,1778561457.892,,
30,25.9988,3.6302,3.1764,1778561457.92,,
30,143.6722,7.313,6.3989,1778561458.066,7.224,64
31,27.2188,3.4675,3.034,1778561458.704,,
31,29.0772,3.2458,2.8401,1778561458.745,,
31,13.6615,6.9084,6.0449,1778561458.774,,
31,16.1143,5.8569,5.1248,1778561458.796,,
31,9.4243,10.0145,8.7627,1778561458.812,,
31,14.7745,6.3881,5.5895,1778561458.84,,
31,27.0156,3.4935,3.0568,1778561458.879,,
31,27.7501,3.4011,2.9759,1778561458.92,,
31,20.1327,4.6879,4.1019,1778561458.953,,
31,27.7256,3.4041,2.9786,1778561459.0,,
31,14.117,6.6856,5.8499,1778561459.035,,
31,33.8584,2.7875,2.4391,1778561459.088,,
31,36.5571,2.5817,2.259,1778561459.132,,
31,12.7166,7.4218,6.4941,1778561459.157,,
31,19.5656,4.8238,4.2208,1778561459.196,,
31,14.5854,6.4709,5.662,1778561459.212,,
31,177.7197,5.912,5.173,1778561459.392,7.224,64
32,25.0003,3.7752,3.3033,1778561460.005,,
32,23.4497,4.0248,3.5217,1778561460.051,,
32,12.4179,7.6003,6.6503,1778561460.092,,
32,23.9125,3.9469,3.4535,1778561460.132,,
32,18.6042,5.0731,4.4389,1778561460.164,,
32,7.6591,12.3226,10.7823,1778561460.185,,
32,28.7384,3.2841,2.8736,1778561460.236,,
32,13.6388,6.92,6.055,1778561460.262,,
32,28.4754,3.3144,2.9001,1778561460.307,,
32,19.7718,4.7735,4.1768,1778561460.348,,
32,14.9328,6.3203,5.5303,1778561460.376,,
32,17.4504,5.4085,4.7324,1778561460.407,,
32,28.3197,3.3327,2.9161,1778561460.448,,
32,37.3164,2.5292,2.213,1778561460.5,,
32,22.5761,4.1805,3.658,1778561460.536,,
32,14.6931,6.4234,5.6205,1778561460.553,,
32,128.5547,8.173,7.1514,1778561460.683,7.224,64
33,19.794,4.7681,4.1721,1778561461.197,,
33,34.015,2.7747,2.4278,1778561461.244,,
33,19.5119,4.837,4.2324,1778561461.28,,
33,22.7098,4.1559,3.6364,1778561461.327,,
33,35.1366,2.6861,2.3503,1778561461.38,,
33,18.9903,4.9699,4.3487,1778561461.412,,
33,19.6223,4.8098,4.2086,1778561461.448,,
33,12.4915,7.5555,6.6111,1778561461.492,,
33,17.0942,5.5212,4.831,1778561461.523,,
33,37.3587,2.5263,2.2105,1778561461.57,,
33,16.5664,5.6971,4.985,1778561461.6,,
33,26.9186,3.5061,3.0679,1778561461.651,,
33,13.8989,6.7904,5.9416,1778561461.69,,
33,23.8679,3.9543,3.46,1778561461.744,,
33,13.7708,6.8537,5.997,1778561461.777,,
33,12.9569,7.2841,6.3736,1778561461.792,,
33,112.8774,9.3081,8.1446,1778561461.907,7.224,64
34,17.689,5.3355,4.6686,1778561462.452,,
34,9.7688,9.6613,8.4537,1778561462.469,,
34,22.3428,4.2242,3.6962,1778561462.506,,
34,19.5244,4.834,4.2297,1778561462.539,,
34,3.8158,24.734,21.6422,1778561462.557,,
34,19.8297,4.7595,4.1646,1778561462.612,,
34,28.1349,3.3546,2.9352,1778561462.648,,
34,24.4401,3.8617,3.379,1778561462.688,,
34,18.9889,4.9703,4.349,1778561462.72,,
34,19.1183,4.9366,4.3196,1778561462.751,,
34,24.2844,3.8864,3.4006,1778561462.796,,
34,20.0126,4.716,4.1265,1778561462.836,,
34,19.6639,4.7997,4.1997,1778561462.874,,
34,3.8144,24.7429,21.65,1778561462.899,,
34,19.4438,4.854,4.2472,1778561462.936,,
34,14.7548,6.3966,5.597,1778561462.952,,
34,141.389,7.4311,6.5022,1778561463.096,7.224,64
35,16.1311,5.8508,5.1195,1778561463.72,,
35,3.6371,25.9496,22.7059,1778561463.756,,
35,17.7672,5.312,4.648,1778561463.788,,
35,3.9134,24.1171,21.1025,1778561463.808,,
35,46.8743,2.0135,1.7618,1778561463.872,,
35,22.4421,4.2055,3.6798,1778561463.908,,
35,19.3882,4.8679,4.2594,1778561463.94,,
35,3.9205,24.0734,21.0642,1778561463.961,,
35,20.8857,4.5189,3.954,1778561464.009,,
35,22.6872,4.1601,3.64,1778561464.06,,
35,31.5737,2.9892,2.6156,1778561464.104,,
35,25.3668,3.7206,3.2555,1778561464.151,,
35,20.6929,4.561,3.9909,1778561464.19,,
35,27.7638,3.3994,2.9745,1778561464.236,,
35,16.911,5.581,4.8834,1778561464.271,,
35,32.0969,2.9405,2.5729,1778561464.305,,
35,154.6766,6.7927,5.9436,1778561464.462,7.224,64
36,6.2523,15.0952,13.2083,1778561465.07,,
36,12.6242,7.4761,6.5416,1778561465.132,,
36,19.7974,4.7673,4.1714,1778561465.172,,
36,34.8334,2.7095,2.3708,1778561465.223,,
36,22.2952,4.2332,3.704,1778561465.26,,
36,15.4882,6.0937,5.332,1778561465.288,,
36,20.8903,4.5179,3.9532,1778561465.333,,
36,19.8409,4.7568,4.1622,1778561465.372,,
36,15.5047,6.0872,5.3263,1778561465.401,,
36,20.7822,4.5414,3.9737,1778561465.445,,
36,17.7347,5.3218,4.6566,1778561465.477,,
36,11.2351,8.4005,7.3504,1778561465.495,,
36,5.3808,17.5401,15.3476,1778561465.512,,
36,15.3868,6.1338,5.3671,1778561465.556,,
36,13.6747,6.9018,6.0391,1778561465.582,,
36,20.5446,4.5939,4.0197,1778561465.605,,
36,148.4979,7.0754,6.1909,1778561465.755,7.224,64
37,30.7437,3.0699,2.6862,1778561466.373,,
37,17.0854,5.524,4.8335,1778561466.411,,
37,5.6975,16.5652,14.4945,1778561466.43,,
37,13.7429,6.8675,6.0091,1778561466.46,,
37,4.2751,22.0768,19.3172,1778561466.478,,
37,19.8305,4.7593,4.1644,1778561466.528,,
37,19.7397,4.7812,4.1836,1778561466.564,,
37,23.8919,3.9503,3.4565,1778561466.604,,
37,38.7574,2.4351,2.1308,1778561466.648,,
37,19.5905,4.8176,4.2154,1778561466.68,,
37,16.5507,5.7025,4.9897,1778561466.704,,
37,27.0362,3.4909,3.0545,1778561466.739,,
37,13.4467,7.0188,6.1415,1778561466.773,,
37,16.8739,5.5933,4.8941,1778561466.821,,
37,25.3105,3.7289,3.2628,1778561466.86,,
37,13.5243,6.9785,6.1062,1778561466.875,,
37,150.2173,6.9944,6.1201,1778561467.028,7.224,64
38,19.4451,4.8537,4.247,1778561467.592,,
38,20.5447,4.5939,4.0196,1778561467.633,,
38,20.2708,4.656,4.074,1778561467.68,,
38,26.8474,3.5154,3.076,1778561467.72,,
38,6.3869,14.7772,12.93,1778561467.741,,
38,15.649,6.031,5.2772,1778561467.776,,
38,13.6428,6.9179,6.0532,1778561467.822,,
38,4.3015,21.941,19.1984,1778561467.838,,
38,15.6975,6.0124,5.2609,1778561467.876,,
38,20.2282,4.6658,4.0826,1778561467.928,,
38,19.6441,4.8045,4.2039,1778561467.962,,
38,16.3039,5.7888,5.0652,1778561468.016,,
38,19.1529,4.9277,4.3118,1778561468.052,,
38,15.8287,5.9626,5.2173,1778561468.076,,
38,20.0227,4.7136,4.1244,1778561468.124,,
38,17.9194,5.2669,4.6086,1778561468.144,,
38,166.5093,6.31,5.5213,1778561468.313,7.224,64
39,23.5271,4.0115,3.5101,1778561468.936,,
39,16.2324,5.8143,5.0875,1778561468.968,,
39,22.755,4.1477,3.6292,1778561469.008,,
39,15.9054,5.9338,5.1921,1778561469.04,,
39,15.1858,6.215,5.4382,1778561469.072,,
39,10.9473,8.6213,7.5437,1778561469.089,,
39,5.5074,17.1371,14.9949,1778561469.107,,
39,18.9073,4.9917,4.3678,1778561469.147,,
39,13.9537,6.7638,5.9183,1778561469.175,,
39,20.0455,4.7083,4.1198,1778561469.208,,
39,15.1365,6.2353,5.4559,1778561469.243,,
39,23.2871,4.0529,3.5463,1778561469.284,,
39,29.7587,3.1715,2.7751,1778561469.327,,
39,19.1291,4.9339,4.3171,1778561469.359,,
39,21.1822,4.4556,3.8987,1778561469.413,,
39,18.3596,5.1406,4.498,1778561469.433,,
39,154.5887,6.7966,5.947,1778561469.594,7.224,64
40,34.6191,2.7262,2.3855,1778561470.219,,
40,27.2106,3.4685,3.0349,1778561470.259,,
40,9.0966,10.3753,9.0784,1778561470.297,,
40,15.7673,5.9858,5.2376,1778561470.328,,
40,15.0384,6.2759,5.4914,1778561470.356,,
40,35.3378,2.6708,2.3369,1778561470.408,,
40,19.6294,4.8081,4.2071,1778561470.444,,
40,20.325,4.6435,4.0631,1778561470.472,,
40,15.1417,6.2331,5.454,1778561470.508,,
40,19.9274,4.7362,4.1442,1778561470.541,,
40,18.7634,5.03,4.4013,1778561470.575,,
40,15.3998,6.1287,5.3626,1778561470.604,,
40,19.2189,4.9108,4.2969,1778561470.636,,
40,31.7676,2.971,2.5996,1778561470.68,,
40,16.2731,5.7997,5.0748,1778561470.712,,
40,17.7983,5.3028,4.6399,1778561470.732,,
40,115.4955,9.0971,7.96,1778561470.85,7.224,64
41,27.3595,3.4496,3.0184,1778561480.224,,
41,20.0215,4.7139,4.1247,1778561480.272,,
41,18.4289,5.1213,4.4812,1778561480.304,,
41,14.0871,6.6998,5.8623,1778561480.334,,
41,23.8472,3.9577,3.463,1778561480.372,,
41,38.2251,2.4691,2.1604,1778561480.424,,
41,19.9175,4.7385,4.1462,1778561480.46,,
41,21.6762,4.3541,3.8098,1778561480.508,,
41,18.1622,5.1965,4.5469,1778561480.54,,
41,11.5157,8.1958,7.1713,1778561480.558,,
41,19.8992,4.7429,4.15,1778561480.59,,
41,20.3131,4.6463,4.0655,1778561480.632,,
41,19.9814,4.7234,4.133,1778561480.672,,
41,6.0867,15.506,13.5677,1778561480.69,,
41,23.1099,4.084,3.5735,1778561480.729,,
41,15.1839,6.2158,5.4388,1778561480.746,,
41,115.7914,9.0739,7.9396,1778561480.864,7.224,64
42,19.8661,4.7508,4.157,1778561481.408,,
42,17.249,5.4716,4.7877,1778561481.439,,
42,22.81,4.1377,3.6204,1778561481.475,,
42,24.4132,3.8659,3.3827,1778561481.52,,
42,20.3236,4.6439,4.0634,1778561481.552,,
42,30.9776,3.0467,2.6659,1778561481.603,,
42,11.092,8.5089,7.4453,1778561481.62,,
42,36.0371,2.619,2.2916,1778561481.688,,
42,23.3701,4.0385,3.5337,1778561481.724,,
42,21.5266,4.3843,3.8363,1778561481.776,,
42,26.6849,3.5368,3.0947,1778561481.817,,
42,15.9136,5.9308,5.1894,1778561481.86,,
42,15.4279,6.1175,5.3528,1778561481.904,,
42,24.2786,3.8874,3.4015,1778561481.944,,
42,37.4088,2.5229,2.2076,1778561481.996,,
42,15.4392,6.113,5.3489,1778561482.013,,
42,168.5564,6.2334,5.4542,1778561482.184,7.224,64
43,27.2382,3.465,3.0319,1778561482.792,,
43,20.2153,4.6688,4.0852,1778561482.832,,
43,14.3007,6.5997,5.7747,1778561482.86,,
43,19.1988,4.9159,4.3014,1778561482.892,,
43,5.9607,15.8337,13.8545,1778561482.914,,
43,25.993,3.631,3.1771,1778561482.956,,
43,20.0102,4.7166,4.127,1778561482.993,,
43,23.9513,3.9405,3.4479,1778561483.048,,
43,19.953,4.7301,4.1389,1778561483.076,,
43,31.558,2.9907,2.6168,1778561483.124,,
43,20.6337,4.5741,4.0023,1778561483.165,,
43,26.2849,3.5907,3.1418,1778561483.207,,
43,19.3282,4.883,4.2726,1778561483.244,,
43,5.9298,15.9162,13.9267,1778561483.262,,
43,21.6395,4.3615,3.8163,1778561483.316,,
43,15.0148,6.2858,5.5001,1778561483.333,,
43,121.3886,8.6555,7.5736,1778561483.456,7.224,64
44,19.8578,4.7528,4.1587,1778561484.064,,
44,24.2438,3.893,3.4063,1778561484.106,,
44,12.3598,7.636,6.6815,1778561484.148,,
44,12.4208,7.5985,6.6487,1778561484.188,,
44,30.4844,3.096,2.709,1778561484.232,,
44,19.7829,4.7708,4.1744,1778561484.264,,
44,19.816,4.7628,4.1675,1778561484.3,,
44,27.0525,3.4888,3.0527,1778561484.34,,
44,13.0098,7.2545,6.3477,1778561484.369,,
44,9.1964,10.2628,8.9799,1778561484.409,,
44,18.999,4.9676,4.3467,1778561484.444,,
44,5.1904,18.1837,15.9107,1778561484.461,,
44,18.3375,5.1468,4.5035,1778561484.492,,
44,11.757,8.0276,7.0241,1778561484.516,,
44,27.9917,3.3717,2.9503,1778561484.565,,
44,33.2747,2.8364,2.4818,1778561484.6,,
44,131.5617,7.9862,6.9879,1778561484.734,7.224,64
45,20.4111,4.624,4.046,1778561485.273,,
45,21.0424,4.4852,3.9246,1778561485.325,,
45,34.93,2.702,2.3642,1778561485.392,,
45,20.2611,4.6582,4.0759,1778561485.425,,
45,23.8258,3.9612,3.4661,1778561485.472,,
45,19.9183,4.7383,4.1461,1778561485.505,,
45,18.5094,5.099,4.4616,1778561485.541,,
45,19.8835,4.7467,4.1533,1778561485.58,,
45,14.775,6.3878,5.5893,1778561485.608,,
45,27.6886,3.4086,2.9825,1778561485.652,,
45,18.0044,5.242,4.5868,1778561485.696,,
45,3.9189,24.083,21.0726,1778561485.713,,
45,20.4087,4.6245,4.0464,1778561485.76,,
45,15.2776,6.1777,5.4055,1778561485.795,,
45,34.9806,2.6981,2.3608,1778561485.844,,
45,15.3127,6.1635,5.3931,1778561485.861,,
45,150.5898,6.9771,6.1049,1778561486.014,7.224,64
46,17.5432,5.3799,4.7074,1778561486.63,,
46,28.8899,3.2669,2.8585,1778561486.677,,
46,24.4203,3.8648,3.3817,1778561486.724,,
46,20.4425,4.6168,4.0397,1778561486.757,,
46,22.2627,4.2394,3.7095,1778561486.799,,
46,19.5049,4.8388,4.2339,1778561486.833,,
46,12.5916,7.4955,6.5586,1778561486.869,,
46,23.9112,3.9471,3.4537,1778561486.905,,
46,13.4664,7.0086,6.1325,1778561486.936,,
46,13.6138,6.9327,6.0661,1778561486.956,,
46,3.7839,24.9423,21.8245,1778561486.972,,
46,35.3245,2.6718,2.3378,1778561487.024,,
46,30.4592,3.0986,2.7112,1778561487.067,,
46,18.9526,4.9798,4.3573,1778561487.115,,
46,15.7222,6.003,5.2526,1778561487.16,,
46,10.5316,8.9616,7.8414,1778561487.173,,
46,117.524,8.9401,7.8226,1778561487.292,7.224,64
47,17.324,5.4479,4.7669,1778561487.885,,
47,16.5295,5.7098,4.9961,1778561487.916,,
47,5.0716,18.6093,16.2832,1778561487.937,,
47,22.6122,4.1739,3.6521,1778561487.976,,
47,20.0657,4.7035,4.1156,1778561488.018,,
47,23.427,4.0287,3.5251,1778561488.064,,
47,23.3231,4.0466,3.5408,1778561488.103,,
47,14.6352,6.4488,5.6427,1778561488.136,,
47,11.8314,7.9771,6.98,1778561488.16,,
47,31.5585,2.9906,2.6168,1778561488.208,,
47,27.0167,3.4934,3.0567,1778561488.248,,
47,3.742,25.2221,22.0694,1778561488.268,,
47,19.9295,4.7357,4.1437,1778561488.32,,
47,24.1671,3.9053,3.4172,1778561488.36,,
47,21.1682,4.4586,3.9013,1778561488.396,,
47,14.3136,6.5937,5.7695,1778561488.412,,
47,126.0802,8.3334,7.2917,1778561488.54,7.224,64
48,10.6684,8.8467,7.7408,1778561489.152,,
48,30.9988,3.0446,2.6641,1778561489.2,,
48,19.8455,4.7557,4.1613,1778561489.24,,
48,14.0243,6.7298,5.8885,1778561489.268,,
48,20.6168,4.5778,4.0056,1778561489.302,,
48,21.0071,4.4928,3.9312,1778561489.341,,
48,19.972,4.7256,4.1349,1778561489.388,,
48,19.7713,4.7736,4.1769,1778561489.435,,
48,28.3816,3.3254,2.9097,1778561489.476,,
48,20.7489,4.5487,3.9801,1778561489.516,,
48,14.1871,6.6525,5.821,1778561489.545,,
48,5.13,18.3976,16.0979,1778561489.565,,
48,12.2378,7.7122,6.7482,1778561489.604,,
48,18.9732,4.9744,4.3526,1778561489.654,,
48,20.3465,4.6386,4.0588,1778561489.692,,
48,15.0653,6.2647,5.4816,1778561489.719,,
48,178.6859,5.88,5.145,1778561489.9,7.224,64
49,39.1128,2.413,2.1114,1778561490.499,,
49,5.3285,17.7124,15.4983,1778561490.518,,
49,20.5137,4.6008,4.0257,1778561490.554,,
49,18.8652,5.0029,4.3775,1778561490.592,,
49,12.2576,7.6997,6.7373,1778561490.616,,
49,23.9014,3.9487,3.4551,1778561490.655,,
49,26.8976,3.5089,3.0703,1778561490.704,,
49,12.0911,7.8058,6.83,1778561490.74,,
49,4.0659,23.2125,20.3109,1778561490.776,,
49,16.6501,5.6684,4.9599,1778561490.808,,
49,19.6774,4.7964,4.1968,1778561490.852,,
49,18.9987,4.9677,4.3468,1778561490.903,,
49,20.1754,4.678,4.0932,1778561490.944,,
49,17.655,5.3458,4.6776,1778561490.977,,
49,20.2105,4.6699,4.0861,1778561491.012,,
49,18.5107,5.0987,4.4613,1778561491.033,,
49,128.1976,8.1958,7.1713,1778561491.163,7.224,64
50,20.0455,4.7083,4.1197,1778561491.824,,
50,19.1577,4.9265,4.3107,1778561491.857,,
50,6.7272,14.0297,12.276,1778561491.875,,
50,18.3644,5.1393,4.4969,1778561491.915,,
50,19.7147,4.7873,4.1889,1778561491.964,,
50,19.888,4.7456,4.1524,1778561491.996,,
50,16.6072,5.6831,4.9727,1778561492.028,,
50,5.9752,15.7952,13.8208,1778561492.046,,
50,19.8239,4.7609,4.1658,1778561492.088,,
50,23.5023,4.0158,3.5138,1778561492.139,,
50,31.4318,3.0027,2.6274,1778561492.18,,
50,38.684,2.4398,2.1348,1778561492.236,,
50,20.202,4.6718,4.0878,1778561492.269,,
50,29.6412,3.1841,2.7861,1778561492.315,,
50,31.6603,2.981,2.6084,1778561492.36,,
50,18.2505,5.1714,4.5249,1778561492.38,,
50,166.4117,6.3137,5.5245,1778561492.548,7.224,64
51,27.1068,3.4818,3.0466,1778561493.107,,
51,23.6558,3.9897,3.491,1778561493.144,,
51,28.2076,3.3459,2.9277,1778561493.192,,
51,38.5623,2.4475,2.1415,1778561493.244,,
51,19.7651,4.7751,4.1782,1778561493.277,,
51,3.7146,25.4081,22.2321,1778561493.296,,
51,26.4199,3.5723,3.1258,1778561493.338,,
51,23.7294,3.9773,3.4802,1778561493.38,,
51,18.5818,5.0792,4.4443,1778561493.419,,
51,23.6492,3.9908,3.492,1778561493.468,,
51,12.0898,7.8066,6.8308,1778561493.512,,
51,19.7867,4.7699,4.1736,1778561493.572,,
51,21.3912,4.4121,3.8606,1778561493.606,,
51,19.4008,4.8647,4.2567,1778561493.641,,
51,16.1189,5.8552,5.1233,1778561493.696,,
51,13.4111,7.0374,6.1578,1778561493.711,,
51,150.8322,6.9659,6.0951,1778561493.864,7.224,64
52,19.4552,4.8512,4.2448,1778561494.448,,
52,27.647,3.4137,2.987,1778561494.493,,
52,27.2978,3.4574,3.0252,1778561494.54,,
52,21.4404,4.402,3.8517,1778561494.582,,
52,15.8752,5.9451,5.202,1778561494.62,,
52,27.6635,3.4117,2.9853,1778561494.656,,
52,20.9129,4.513,3.9489,1778561494.69,,
52,11.8902,7.9376,6.9454,1778561494.728,,
52,30.8823,3.0561,2.6741,1778561494.78,,
52,34.7956,2.7124,2.3734,1778561494.82,,
52,17.0312,5.5416,4.8489,1778561494.843,,
52,19.3532,4.8767,4.2671,1778561494.876,,
52,14.5644,6.4802,5.6701,1778561494.896,,
52,3.8537,24.4908,21.4294,1778561494.917,,
52,17.6431,5.3494,4.6807,1778561494.956,,
52,14.0087,6.7372,5.8951,1778561494.972,,
52,190.2497,5.5226,4.8323,1778561495.164,7.224,64
53,39.6019,2.3832,2.0853,1778561495.847,,
53,12.8538,7.3426,6.4248,1778561495.873,,
53,26.5987,3.5483,3.1048,1778561495.918,,
53,39.1623,2.41,2.1087,1778561495.972,,
53,19.7496,4.7788,4.1815,1778561496.005,,
53,31.4419,3.0017,2.6265,1778561496.048,,
53,26.9783,3.4984,3.0611,1778561496.088,,
53,24.1563,3.9071,3.4187,1778561496.132,,
53,16.1594,5.8406,5.1105,1778561496.18,,
53,47.7878,1.975,1.7281,1778561496.26,,
53,32.507,2.9034,2.5405,1778561496.312,,
53,3.7403,25.2336,22.0794,1778561496.348,,
53,13.8977,6.791,5.9422,1778561496.378,,
53,5.7001,16.5576,14.4879,1778561496.398,,
53,15.1375,6.2348,5.4555,1778561496.428,,
53,22.3786,4.2174,3.6902,1778561496.452,,
53,129.8666,8.0904,7.0791,1778561496.584,7.224,64
54,16.0198,5.8915,5.155,1778561497.112,,
54,15.9969,5.8999,5.1624,1778561497.144,,
54,3.8857,24.2893,21.2531,1778561497.16,,
54,20.4259,4.6206,4.043,1778561497.213,,
54,17.5446,5.3794,4.707,1778561497.244,,
54,10.4792,9.0064,7.8806,1778561497.261,,
54,4.6325,20.3734,17.8267,1778561497.279,,
54,19.0557,4.9529,4.3337,1778561497.316,,
54,19.6473,4.8037,4.2033,1778561497.35,,
54,20.1359,4.6872,4.1013,1778561497.396,,
54,31.6123,2.9856,2.6124,1778561497.448,,
54,17.6522,5.3466,4.6783,1778561497.48,,
54,6.9281,13.6228,11.9199,1778561497.499,,
54,23.6376,3.9928,3.4937,1778561497.544,,
54,27.159,3.4751,3.0407,1778561497.604,,
54,14.5591,6.4825,5.6722,1778561497.62,,
54,125.8647,8.3477,7.3042,1778561497.748,7.224,64
55,12.0188,7.8527,6.8711,1778561498.347,,
55,20.0749,4.7014,4.1137,1778561498.388,,
55,27.6376,3.4149,2.988,1778561498.44,,
55,21.1723,4.4577,3.9005,1778561498.474,,
55,37.8371,2.4944,2.1826,1778561498.528,,
55,24.1641,3.9058,3.4176,1778561498.564,,
55,20.7437,4.5498,3.9811,1778561498.617,,
55,22.0187,4.2864,3.7506,1778561498.652,,
55,3.854,24.4885,21.4275,1778561498.671,,
55,14.5567,6.4836,5.6732,1778561498.715,,
55,19.8838,4.7466,4.1532,1778561498.752,,
55,19.6498,4.8031,4.2027,1778561498.784,,
55,8.6808,10.8722,9.5132,1778561498.802,,
55,30.6642,3.0779,2.6931,1778561498.863,,
55,19.8684,4.7502,4.1565,1778561498.896,,
55,23.483,4.0191,3.5167,1778561498.921,,
55,152.2902,6.8992,6.0368,1778561499.075,7.224,64
56,13.9806,6.7508,5.9069,1778561499.724,,
56,23.1876,4.0703,3.5615,1778561499.764,,
56,19.9808,4.7235,4.1331,1778561499.812,,
56,31.6423,2.9827,2.6099,1778561499.863,,
56,20.1819,4.6765,4.0919,1778561499.892,,
56,3.9018,24.1887,21.1651,1778561499.912,,
56,3.4265,27.5444,24.1014,1778561499.963,,
56,35.2246,2.6794,2.3445,1778561500.028,,
56,19.6609,4.8004,4.2004,1778561500.064,,
56,20.3571,4.6362,4.0567,1778561500.1,,
56,16.6259,5.6767,4.9671,1778561500.132,,
56,20.3697,4.6333,4.0542,1778561500.184,,
56,21.7526,4.3388,3.7964,1778561500.218,,
56,19.8473,4.7553,4.1609,1778561500.251,,
56,4.8096,19.6233,17.1704,1778561500.27,,
56,12.6068,7.4865,6.5507,1778561500.284,,
56,129.6031,8.1069,7.0935,1778561500.416,7.224,64
57,13.0938,7.208,6.307,1778561500.97,,
57,18.798,5.0207,4.3932,1778561501.004,,
57,13.8744,6.8025,5.9522,1778561501.037,,
57,8.4076,11.2255,9.8223,1778561501.08,,
57,29.5852,3.1901,2.7913,1778561501.13,,
57,24.5472,3.8448,3.3642,1778561501.176,,
57,16.6554,5.6666,4.9583,1778561501.207,,
57,12.2827,7.684,6.7235,1778561501.234,,
57,12.2472,7.7063,6.743,1778561501.26,,
57,19.7136,4.7876,4.1891,1778561501.3,,
57,4.3652,21.6209,18.9183,1778561501.317,,
57,5.7044,16.5451,14.4769,1778561501.35,,
57,17.2652,5.4665,4.7832,1778561501.385,,
57,4.9101,19.2217,16.819,1778561501.401,,
57,43.3252,2.1784,1.9061,1778561501.46,,
57,14.9939,6.2946,5.5078,1778561501.477,,
57,151.1508,6.9512,6.0823,1778561501.63,7.224,64
58,34.7877,2.713,2.3739,1778561502.272,,
58,20.2901,4.6515,4.0701,1778561502.312,,
58,20.4339,4.6188,4.0414,1778561502.344,,
58,21.4301,4.4041,3.8536,1778561502.379,,
58,20.0719,4.7021,4.1143,1778561502.416,,
58,22.7327,4.1517,3.6328,1778561502.451,,
58,3.5391,26.6675,23.3341,1778561502.469,,
58,16.9679,5.5623,4.867,1778561502.501,,
58,20.7158,4.5559,3.9864,1778561502.537,,
58,19.8132,4.7635,4.168,1778561502.588,,
58,18.6505,5.0605,4.4279,1778561502.624,,
58,20.8341,4.5301,3.9638,1778561502.677,,
58,18.9739,4.9742,4.3524,1778561502.714,,
58,19.676,4.7967,4.1971,1778561502.764,,
58,18.1077,5.2122,4.5606,1778561502.796,,
58,17.7191,5.3264,4.6606,1778561502.816,,
58,126.5658,8.3014,7.2638,1778561502.944,7.224,64
59,22.0168,4.2867,3.7509,1778561503.56,,
59,18.8475,5.0076,4.3816,1778561503.592,,
59,13.7043,6.8869,6.026,1778561503.612,,
59,10.1727,9.2778,8.1181,1778561503.635,,
59,15.097,6.2516,5.4701,1778561503.673,,
59,5.9083,15.9743,13.9775,1778561503.69,,
59,19.779,4.7717,4.1753,1778561503.748,,
59,18.7639,5.0299,4.4011,1778561503.781,,
59,38.8381,2.4301,2.1263,1778561503.852,,
59,6.9126,13.6533,11.9467,1778561503.887,,
59,31.425,3.0033,2.6279,1778561503.932,,
59,19.8262,4.7604,4.1653,1778561503.992,,
59,26.6863,3.5366,3.0946,1778561504.031,,
59,31.5968,2.987,2.6136,1778561504.076,,
59,19.6101,4.8128,4.2112,1778561504.109,,
59,33.3113,2.8333,2.4791,1778561504.144,,
59,162.272,6.4748,5.6654,1778561504.308,7.224,64
