step,rank,mode,allreduce_ms,dma_ms,overlap_ms,stall_ms,wall_s
0,0,baseline,21.8349,26.2322,21.8349,0.0,0.02636
0,1,baseline,25.2805,26.3965,25.2805,0.0,0.02652
0,2,baseline,26.8416,25.8548,25.8548,0.0,0.026921
0,3,baseline,25.2589,25.7763,25.2589,0.0,0.026019
1,0,baseline,21.9178,26.2029,21.9178,0.0,0.026312
1,1,baseline,24.9948,26.3607,24.9948,0.0,0.026479
1,2,baseline,26.252,25.9483,25.9483,0.0,0.026282
1,3,baseline,25.727,25.8934,25.727,0.0,0.026058
2,0,baseline,21.5018,26.2634,21.5018,0.0,0.026371
2,1,baseline,25.0588,26.1098,25.0588,0.0,0.026221
2,2,baseline,26.5285,26.053,26.053,0.0,0.026557
2,3,baseline,25.8158,25.5991,25.5991,0.0,0.025846
3,0,baseline,21.563,26.2504,21.563,0.0,0.026354
3,1,baseline,25.1078,26.0709,25.1078,0.0,0.026203
3,2,baseline,25.919,26.0027,25.919,0.0,0.026115
3,3,baseline,26.0448,25.7524,25.7524,0.0,0.026071
4,0,baseline,21.6363,26.2623,21.6363,0.0,0.026368
4,1,baseline,25.3898,26.2028,25.3898,0.0,0.026308
4,2,baseline,26.6062,25.9913,25.9913,0.0,0.026632
4,3,baseline,26.4852,25.5408,25.5408,0.0,0.026511
5,0,baseline,21.7131,26.1957,21.7131,0.0,0.026303
5,1,baseline,25.5999,26.0692,25.5999,0.0,0.026178
5,2,baseline,26.2232,25.9074,25.9074,0.0,0.026249
5,3,baseline,26.2603,25.394,25.394,0.0,0.026287
6,0,baseline,21.4467,26.2552,21.4467,0.0,0.026372
6,1,baseline,25.1874,26.2509,25.1874,0.0,0.026366
6,2,baseline,25.8251,26.1396,25.8251,0.0,0.026247
6,3,baseline,26.3656,25.7553,25.7553,0.0,0.0264
7,0,baseline,21.5763,26.2917,21.5763,0.0,0.026422
7,1,baseline,25.5304,26.1746,25.5304,0.0,0.026289
7,2,baseline,26.5065,26.1786,26.1786,0.0,0.026533
7,3,baseline,25.9987,25.8166,25.8166,0.0,0.026027
8,0,baseline,21.4229,26.2453,21.4229,0.0,0.02635
8,1,baseline,25.8498,26.0987,25.8498,0.0,0.026202
8,2,baseline,26.551,25.8562,25.8562,0.0,0.026576
8,3,baseline,26.0151,25.472,25.472,0.0,0.026041
9,0,baseline,20.9412,26.4139,20.9412,0.0,0.026518
9,1,baseline,25.2395,26.1679,25.2395,0.0,0.026276
9,2,baseline,25.5894,26.1652,25.5894,0.0,0.026275
9,3,baseline,26.1516,25.9229,25.9229,0.0,0.026179
10,0,baseline,20.6691,26.5672,20.6691,0.0,0.026678
10,1,baseline,24.8574,26.5134,24.8574,0.0,0.026621
10,2,baseline,24.9202,26.3884,24.9202,0.0,0.026495
10,3,baseline,26.4319,26.0891,26.0891,0.0,0.02646
11,0,baseline,20.7536,26.487,20.7536,0.0,0.026582
11,1,baseline,25.7343,26.3102,25.7343,0.0,0.026425
11,2,baseline,26.2054,25.9044,25.9044,0.0,0.026231
11,3,baseline,26.9045,25.6329,25.6329,0.0,0.026944
12,0,baseline,20.748,26.5643,20.748,0.0,0.026684
12,1,baseline,25.0836,26.6812,25.0836,0.0,0.026795
12,2,baseline,25.5715,26.1047,25.5715,0.0,0.026243
12,3,baseline,26.413,26.0966,26.0966,0.0,0.026441
13,0,baseline,21.2139,26.3888,21.2139,0.0,0.026501
13,1,baseline,26.2187,26.3274,26.2187,0.0,0.026454
13,2,baseline,27.4134,25.7112,25.7112,0.0,0.027439
13,3,baseline,27.706,25.2165,25.2165,0.0,0.027736
14,0,baseline,21.4393,26.4021,21.4393,0.0,0.026513
14,1,baseline,25.8153,26.2091,25.8153,0.0,0.026341
14,2,baseline,25.5821,26.0301,25.5821,0.0,0.026148
14,3,baseline,25.9817,25.7404,25.7404,0.0,0.026013
15,0,baseline,21.3628,26.2857,21.3628,0.0,0.026391
15,1,baseline,26.3884,26.2834,26.2834,0.0,0.026412
15,2,baseline,26.8122,26.1367,26.1367,0.0,0.026838
15,3,baseline,26.2725,25.4108,25.4108,0.0,0.026306
16,0,baseline,21.3781,26.3553,21.3781,0.0,0.026462
16,1,baseline,26.2446,26.0757,26.0757,0.0,0.026272
16,2,baseline,26.2804,25.92,25.92,0.0,0.026308
16,3,baseline,26.3422,25.7998,25.7998,0.0,0.02637
17,0,baseline,21.5092,26.2765,21.5092,0.0,0.026385
17,1,baseline,26.4709,25.9489,25.9489,0.0,0.026497
17,2,baseline,26.467,25.8636,25.8636,0.0,0.026495
17,3,baseline,26.5655,25.3785,25.3785,0.0,0.026594
18,0,baseline,21.5578,26.338,21.5578,0.0,0.026441
18,1,baseline,26.3043,25.8302,25.8302,0.0,0.02633
18,2,baseline,26.3787,25.5881,25.5881,0.0,0.026405
18,3,baseline,26.9745,25.3703,25.3703,0.0,0.027003
19,0,baseline,21.2485,26.3033,21.2485,0.0,0.026406
19,1,baseline,26.0341,26.262,26.0341,0.0,0.026375
19,2,baseline,25.592,26.009,25.592,0.0,0.026118
19,3,baseline,25.8347,25.6778,25.6778,0.0,0.025867
20,0,baseline,21.1952,26.4368,21.1952,0.0,0.026544
20,1,baseline,26.1285,26.3838,26.1285,0.0,0.026492
20,2,baseline,26.3134,26.1637,26.1637,0.0,0.026339
20,3,baseline,26.5016,25.9956,25.9956,0.0,0.026531
21,0,baseline,21.3972,26.2565,21.3972,0.0,0.026368
21,1,baseline,26.4862,26.3817,26.3817,0.0,0.026512
21,2,baseline,26.5732,25.7695,25.7695,0.0,0.026602
21,3,baseline,26.4455,25.8779,25.8779,0.0,0.026477
22,0,baseline,21.6346,26.2415,21.6346,0.0,0.026349
22,1,baseline,26.4008,26.1369,26.1369,0.0,0.026426
22,2,baseline,26.6013,26.0396,26.0396,0.0,0.026627
22,3,baseline,26.569,25.7197,25.7197,0.0,0.026596
23,0,baseline,20.9419,26.4542,20.9419,0.0,0.02656
23,1,baseline,25.4227,26.3831,25.4227,0.0,0.026486
23,2,baseline,25.0148,26.192,25.0148,0.0,0.026298
23,3,baseline,25.8691,25.6395,25.6395,0.0,0.025895
24,0,baseline,21.1748,26.2682,21.1748,0.0,0.026374
24,1,baseline,26.3656,26.1919,26.1919,0.0,0.026391
24,2,baseline,26.5354,25.915,25.915,0.0,0.02656
24,3,baseline,26.6779,25.6752,25.6752,0.0,0.026704
25,0,baseline,21.1165,26.5095,21.1165,0.0,0.026605
25,1,baseline,25.8469,26.2177,25.8469,0.0,0.026315
25,2,baseline,25.4451,26.0479,25.4451,0.0,0.026145
25,3,baseline,26.1587,25.5595,25.5595,0.0,0.026184
26,0,baseline,20.7457,26.4567,20.7457,0.0,0.026561
26,1,baseline,25.9692,26.3615,25.9692,0.0,0.026463
26,2,baseline,26.1341,26.2524,26.1341,0.0,0.026364
26,3,baseline,25.6499,25.858,25.6499,0.0,0.025954
27,0,baseline,20.1736,26.5531,20.1736,0.0,0.02665
27,1,baseline,25.2137,26.5517,25.2137,0.0,0.026649
27,2,baseline,25.2033,26.1924,25.2033,0.0,0.026292
27,3,baseline,26.2969,26.0321,26.0321,0.0,0.026322
28,0,baseline,21.0375,26.5067,21.0375,0.0,0.026602
28,1,baseline,26.5468,26.534,26.534,0.0,0.026643
28,2,baseline,27.1741,26.0538,26.0538,0.0,0.027201
28,3,baseline,27.7618,25.4295,25.4295,0.0,0.027788
29,0,baseline,21.3617,26.3449,21.3617,0.0,0.026457
29,1,baseline,26.4138,26.4669,26.4138,0.0,0.026587
29,2,baseline,26.4927,26.3409,26.3409,0.0,0.026515
29,3,baseline,26.6883,25.7305,25.7305,0.0,0.026715
30,0,baseline,20.801,26.458,20.801,0.0,0.02656
30,1,baseline,25.771,26.3977,25.771,0.0,0.026491
30,2,baseline,25.9834,26.2087,25.9834,0.0,0.026303
30,3,baseline,25.7721,26.0819,25.7721,0.0,0.026194
31,0,baseline,21.5332,26.3456,21.5332,0.0,0.026441
31,1,baseline,26.6514,25.9279,25.9279,0.0,0.026679
31,2,baseline,27.0139,26.0593,26.0593,0.0,0.02704
31,3,baseline,26.7284,25.3995,25.3995,0.0,0.026755
32,0,baseline,21.2556,26.424,21.2556,0.0,0.026528
32,1,baseline,26.2189,26.1489,26.1489,0.0,0.026259
32,2,baseline,26.2341,26.0392,26.0392,0.0,0.02626
32,3,baseline,26.1767,25.807,25.807,0.0,0.02621
33,0,baseline,21.4597,26.2428,21.4597,0.0,0.026349
33,1,baseline,26.6913,25.8317,25.8317,0.0,0.026716
33,2,baseline,26.714,25.8786,25.8786,0.0,0.026739
33,3,baseline,27.0839,24.9907,24.9907,0.0,0.027112
34,0,baseline,21.6925,26.1474,21.6925,0.0,0.026255
34,1,baseline,26.2739,26.2218,26.2218,0.0,0.026356
34,2,baseline,26.2536,25.9375,25.9375,0.0,0.026279
34,3,baseline,26.3948,25.6031,25.6031,0.0,0.026422
35,0,baseline,21.5817,26.267,21.5817,0.0,0.026378
35,1,baseline,26.1038,26.168,26.1038,0.0,0.026283
35,2,baseline,25.9138,25.9321,25.9138,0.0,0.026041
35,3,baseline,26.1188,25.7101,25.7101,0.0,0.026147
36,0,baseline,21.6594,26.2073,21.6594,0.0,0.026311
36,1,baseline,26.3894,25.8014,25.8014,0.0,0.026417
36,2,baseline,26.7791,25.6931,25.6931,0.0,0.026806
36,3,baseline,26.3766,25.3263,25.3263,0.0,0.026414
37,0,baseline,20.8954,26.4888,20.8954,0.0,0.026602
37,1,baseline,25.5736,26.3517,25.5736,0.0,0.026458
37,2,baseline,25.4903,26.1923,25.4903,0.0,0.026302
37,3,baseline,25.702,26.0727,25.702,0.0,0.026214
38,0,baseline,21.4555,26.3718,21.4555,0.0,0.026478
38,1,baseline,26.3122,26.1276,26.1276,0.0,0.02634
38,2,baseline,26.3762,26.1826,26.1826,0.0,0.026402
38,3,baseline,26.4744,25.3722,25.3722,0.0,0.026501
39,0,baseline,21.4556,26.24,21.4556,0.0,0.026346
39,1,baseline,26.5111,25.7855,25.7855,0.0,0.026538
39,2,baseline,26.5336,25.5779,25.5779,0.0,0.02656
39,3,baseline,26.4268,25.6234,25.6234,0.0,0.026455
40,0,baseline,21.348,26.3191,21.348,0.0,0.026421
40,1,baseline,26.073,26.2256,26.073,0.0,0.026327
40,2,baseline,25.7627,26.1547,25.7627,0.0,0.026261
40,3,baseline,26.3372,25.6098,25.6098,0.0,0.026365
41,0,baseline,21.1183,26.5654,21.1183,0.0,0.026666
41,1,baseline,25.7235,26.4418,25.7235,0.0,0.026548
41,2,baseline,25.8075,26.1722,25.8075,0.0,0.026282
41,3,baseline,26.0104,26.0756,26.0104,0.0,0.02627
42,0,baseline,21.5978,26.5109,21.5978,0.0,0.026626
42,1,baseline,26.5524,26.3014,26.3014,0.0,0.02658
42,2,baseline,26.802,26.266,26.266,0.0,0.026828
42,3,baseline,26.8567,25.1849,25.1849,0.0,0.026883
43,0,baseline,21.7183,26.3521,21.7183,0.0,0.026459
43,1,baseline,26.4737,26.0964,26.0964,0.0,0.026503
43,2,baseline,26.4286,25.8548,25.8548,0.0,0.026455
43,3,baseline,26.7155,25.3347,25.3347,0.0,0.026745
44,0,baseline,21.8317,26.3063,21.8317,0.0,0.026465
44,1,baseline,26.5448,25.9584,25.9584,0.0,0.026571
44,2,baseline,26.5584,26.415,26.415,0.0,0.026588
44,3,baseline,26.5845,25.3773,25.3773,0.0,0.026618
45,0,baseline,21.7128,26.0951,21.7128,0.0,0.026216
45,1,baseline,26.4763,26.2132,26.2132,0.0,0.026502
45,2,baseline,26.5562,25.979,25.979,0.0,0.026582
45,3,baseline,26.1543,25.7891,25.7891,0.0,0.026184
46,0,baseline,21.5174,26.2822,21.5174,0.0,0.026393
46,1,baseline,26.2178,25.9779,25.9779,0.0,0.026245
46,2,baseline,26.1976,26.0649,26.0649,0.0,0.026223
46,3,baseline,26.1457,25.5318,25.5318,0.0,0.026175
47,0,baseline,21.5578,26.2495,21.5578,0.0,0.026356
47,1,baseline,26.4223,26.1347,26.1347,0.0,0.026448
47,2,baseline,26.492,26.0005,26.0005,0.0,0.026517
47,3,baseline,26.3653,25.6552,25.6552,0.0,0.026393
48,0,baseline,21.4775,26.3215,21.4775,0.0,0.026429
48,1,baseline,26.1995,26.1476,26.1476,0.0,0.026249
48,2,baseline,26.2339,26.0657,26.0657,0.0,0.026259
48,3,baseline,26.1204,25.7515,25.7515,0.0,0.026148
49,0,baseline,21.2932,26.2956,21.2932,0.0,0.0264
49,1,baseline,26.1344,25.9917,25.9917,0.0,0.026159
49,2,baseline,26.1863,25.9989,25.9989,0.0,0.026212
49,3,baseline,26.1308,25.6506,25.6506,0.0,0.026156
50,0,baseline,21.3973,26.1078,21.3973,0.0,0.026219
50,1,baseline,26.4536,26.198,26.198,0.0,0.026481
50,2,baseline,26.3205,25.665,25.665,0.0,0.026347
50,3,baseline,26.8113,25.7275,25.7275,0.0,0.02684
51,0,baseline,21.9677,26.1048,21.9677,0.0,0.026211
51,1,baseline,26.6892,25.9816,25.9816,0.0,0.026715
51,2,baseline,26.7844,25.8449,25.8449,0.0,0.02681
51,3,baseline,26.3033,25.63,25.63,0.0,0.02633
52,0,baseline,21.9387,26.1773,21.9387,0.0,0.026286
52,1,baseline,26.3528,26.1945,26.1945,0.0,0.026377
52,2,baseline,26.0729,25.9209,25.9209,0.0,0.026098
52,3,baseline,26.4729,25.5661,25.5661,0.0,0.026501
53,0,baseline,22.7474,26.4515,22.7474,0.0,0.026579
53,1,baseline,26.9526,25.8643,25.8643,0.0,0.026977
53,2,baseline,27.1437,26.0505,26.0505,0.0,0.02717
53,3,baseline,27.2811,25.2257,25.2257,0.0,0.027316
54,0,baseline,22.3864,26.0476,22.3864,0.0,0.026165
54,1,baseline,26.1959,25.9891,25.9891,0.0,0.026223
54,2,baseline,26.2131,25.8287,25.8287,0.0,0.026242
54,3,baseline,25.3878,25.8114,25.3878,0.0,0.026013
55,0,baseline,21.809,26.2867,21.809,0.0,0.0264
55,1,baseline,25.331,26.0124,25.331,0.0,0.026125
55,2,baseline,25.1512,25.9816,25.1512,0.0,0.026098
55,3,baseline,25.6556,25.5888,25.5888,0.0,0.025712
56,0,baseline,21.8049,26.2357,21.8049,0.0,0.026345
56,1,baseline,25.9863,26.1106,25.9863,0.0,0.026215
56,2,baseline,25.8372,25.6641,25.6641,0.0,0.025865
56,3,baseline,26.3215,25.614,25.614,0.0,0.02635
57,0,baseline,23.3869,26.3376,23.3869,0.0,0.026444
57,1,baseline,27.334,25.5874,25.5874,0.0,0.027363
57,2,baseline,27.7049,25.7075,25.7075,0.0,0.027902
57,3,baseline,27.3553,24.99,24.99,0.0,0.027389
58,0,baseline,21.6003,26.4765,21.6003,0.0,0.026695
58,1,baseline,24.6938,26.0579,24.6938,0.0,0.026171
58,2,baseline,24.2392,26.2462,24.2392,0.0,0.02669
58,3,baseline,24.88,25.5436,24.88,0.0,0.025653
59,0,baseline,23.4556,26.6088,23.4556,0.0,0.027224
59,1,baseline,27.0962,25.5015,25.5015,0.0,0.02735
59,2,baseline,26.5181,25.9926,25.9926,0.0,0.026545
59,3,baseline,28.4977,25.23,25.23,0.0,0.028626
60,0,baseline,21.6287,26.4609,21.6287,0.0,0.026574
60,1,baseline,24.7146,26.2578,24.7146,0.0,0.026934
60,2,baseline,24.9441,25.8692,24.9441,0.0,0.025985
60,3,baseline,24.7317,25.7223,24.7317,0.0,0.026124
61,0,baseline,21.3427,26.3521,21.3427,0.0,0.026475
61,1,baseline,24.2563,26.2976,24.2563,0.0,0.026418
61,2,baseline,25.2533,25.8483,25.2533,0.0,0.02597
61,3,baseline,24.65,25.6392,24.65,0.0,0.025911
62,0,baseline,21.264,26.2854,21.264,0.0,0.026391
62,1,baseline,24.7223,26.3833,24.7223,0.0,0.026497
62,2,baseline,26.2631,25.9304,25.9304,0.0,0.026289
62,3,baseline,25.6745,25.8432,25.6745,0.0,0.026067
63,0,baseline,21.6513,26.28,21.6513,0.0,0.026389
63,1,baseline,24.8669,26.1012,24.8669,0.0,0.026213
63,2,baseline,26.6162,25.8065,25.8065,0.0,0.026641
63,3,baseline,26.081,25.6604,25.6604,0.0,0.026109
64,0,baseline,21.343,26.4194,21.343,0.0,0.026533
64,1,baseline,24.6623,26.158,24.6623,0.0,0.026266
64,2,baseline,25.5683,25.9005,25.5683,0.0,0.026007
64,3,baseline,26.0846,25.7526,25.7526,0.0,0.026113
65,0,baseline,21.4118,26.2031,21.4118,0.0,0.02631
65,1,baseline,25.0146,26.2016,25.0146,0.0,0.026313
65,2,baseline,26.7629,25.8895,25.8895,0.0,0.026791
65,3,baseline,27.1742,25.6173,25.6173,0.0,0.027205
66,0,baseline,21.6146,26.2516,21.6146,0.0,0.026357
66,1,baseline,25.0574,26.0234,25.0574,0.0,0.026145
66,2,baseline,25.9202,25.9132,25.9132,0.0,0.02602
66,3,baseline,25.8552,25.8234,25.8234,0.0,0.025948
67,0,baseline,21.383,26.4592,21.383,0.0,0.026564
67,1,baseline,25.0197,26.1255,25.0197,0.0,0.026231
67,2,baseline,25.7967,25.987,25.7967,0.0,0.026116
67,3,baseline,25.9335,25.8907,25.8907,0.0,0.026002
68,0,baseline,20.6977,26.5396,20.6977,0.0,0.026652
68,1,baseline,24.7134,26.472,24.7134,0.0,0.026583
68,2,baseline,25.6246,26.4714,25.6246,0.0,0.026605
68,3,baseline,25.3897,25.774,25.3897,0.0,0.025896
69,0,baseline,20.3641,26.6522,20.3641,0.0,0.026774
69,1,baseline,24.4071,26.3492,24.4071,0.0,0.02647
69,2,baseline,25.7799,26.1211,25.7799,0.0,0.02622
69,3,baseline,26.5352,26.0044,26.0044,0.0,0.026567
70,0,baseline,21.0505,26.4349,21.0505,0.0,0.026545
70,1,baseline,25.8295,26.0765,25.8295,0.0,0.026203
70,2,baseline,27.4205,25.7575,25.7575,0.0,0.027446
70,3,baseline,27.0055,25.0864,25.0864,0.0,0.027038
71,0,baseline,21.2518,26.2654,21.2518,0.0,0.026387
71,1,baseline,26.3736,26.2658,26.2658,0.0,0.026399
71,2,baseline,26.7127,25.8802,25.8802,0.0,0.026738
71,3,baseline,26.3992,25.7117,25.7117,0.0,0.026426
72,0,baseline,21.8791,26.4278,21.8791,0.0,0.026541
72,1,baseline,26.5044,26.0361,26.0361,0.0,0.026531
72,2,baseline,26.5731,25.6456,25.6456,0.0,0.026599
72,3,baseline,27.5129,25.1209,25.1209,0.0,0.027539
73,0,baseline,21.8044,26.2879,21.8044,0.0,0.026392
73,1,baseline,26.4773,26.1923,26.1923,0.0,0.026503
73,2,baseline,26.3395,25.8809,25.8809,0.0,0.026369
73,3,baseline,26.0043,25.6225,25.6225,0.0,0.026031
74,0,baseline,21.1489,26.3511,21.1489,0.0,0.026457
74,1,baseline,25.9374,26.249,25.9374,0.0,0.026353
74,2,baseline,25.9986,26.0893,25.9986,0.0,0.026197
74,3,baseline,25.8614,25.8366,25.8366,0.0,0.025947
75,0,baseline,21.1863,26.3203,21.1863,0.0,0.026427
75,1,baseline,26.2764,26.0594,26.0594,0.0,0.026301
75,2,baseline,26.6139,25.9356,25.9356,0.0,0.026639
75,3,baseline,26.6017,25.6767,25.6767,0.0,0.026632
76,0,baseline,21.7888,26.152,21.7888,0.0,0.026263
76,1,baseline,26.6451,25.8124,25.8124,0.0,0.026672
76,2,baseline,26.5483,25.7788,25.7788,0.0,0.026574
76,3,baseline,26.9912,25.4086,25.4086,0.0,0.027022
77,0,baseline,21.4508,26.3183,21.4508,0.0,0.026439
77,1,baseline,25.7563,26.1856,25.7563,0.0,0.026316
77,2,baseline,25.6365,25.8898,25.6365,0.0,0.026005
77,3,baseline,25.714,25.8098,25.714,0.0,0.025927
78,0,baseline,21.3758,26.2924,21.3758,0.0,0.026397
78,1,baseline,26.1917,26.2288,26.1917,0.0,0.026334
78,2,baseline,26.4809,25.7925,25.7925,0.0,0.026507
78,3,baseline,25.9729,25.6902,25.6902,0.0,0.026007
79,0,baseline,21.2572,26.2335,21.2572,0.0,0.026336
79,1,baseline,26.2143,26.2127,26.2127,0.0,0.026316
79,2,baseline,26.3498,25.7417,25.7417,0.0,0.026375
79,3,baseline,26.153,25.7228,25.7228,0.0,0.026182
80,0,baseline,21.8049,26.2582,21.8049,0.0,0.026365
80,1,baseline,26.4552,25.9343,25.9343,0.0,0.026483
80,2,baseline,26.6802,25.7822,25.7822,0.0,0.026707
80,3,baseline,27.5455,25.2779,25.2779,0.0,0.027577
81,0,baseline,22.0206,26.2098,22.0206,0.0,0.026316
81,1,baseline,26.602,25.7126,25.7126,0.0,0.026628
81,2,baseline,26.4564,26.0179,26.0179,0.0,0.026482
81,3,baseline,26.0974,25.5297,25.5297,0.0,0.026127
82,0,baseline,21.6772,26.2449,21.6772,0.0,0.026353
82,1,baseline,25.809,25.9511,25.809,0.0,0.026056
82,2,baseline,25.4913,26.1524,25.4913,0.0,0.026258
82,3,baseline,26.0664,25.8642,25.8642,0.0,0.026096
83,0,baseline,21.2656,26.3453,21.2656,0.0,0.026472
83,1,baseline,25.9781,26.2306,25.9781,0.0,0.026331
83,2,baseline,25.7779,26.0548,25.7779,0.0,0.026173
83,3,baseline,26.2967,25.5161,25.5161,0.0,0.026327
84,0,baseline,21.3141,26.2302,21.3141,0.0,0.026339
84,1,baseline,26.3352,26.1601,26.1601,0.0,0.026366
84,2,baseline,26.3619,25.9925,25.9925,0.0,0.026389
84,3,baseline,26.6204,25.6004,25.6004,0.0,0.026651
85,0,baseline,21.8213,26.3023,21.8213,0.0,0.026423
85,1,baseline,26.4905,25.7776,25.7776,0.0,0.026521
85,2,baseline,26.5001,25.584,25.584,0.0,0.026527
85,3,baseline,26.5523,25.3552,25.3552,0.0,0.026583
86,0,baseline,21.4498,26.4366,21.4498,0.0,0.026548
86,1,baseline,25.9874,26.2958,25.9874,0.0,0.026402
86,2,baseline,25.9761,26.1976,25.9761,0.0,0.026303
86,3,baseline,26.0408,25.7586,25.7586,0.0,0.026073
87,0,baseline,22.1538,26.3715,22.1538,0.0,0.026478
87,1,baseline,26.7456,25.7664,25.7664,0.0,0.026771
87,2,baseline,26.8859,25.6132,25.6132,0.0,0.026914
87,3,baseline,27.0294,25.3984,25.3984,0.0,0.027056
88,0,baseline,21.65,26.3004,21.65,0.0,0.026411
88,1,baseline,26.1903,26.2731,26.1903,0.0,0.026383
88,2,baseline,26.1269,26.0232,26.0232,0.0,0.02616
88,3,baseline,25.7515,25.7545,25.7515,0.0,0.025905
89,0,baseline,21.3119,26.2807,21.3119,0.0,0.026389
89,1,baseline,26.3126,26.1582,26.1582,0.0,0.026338
89,2,baseline,26.4768,25.9965,25.9965,0.0,0.026502
89,3,baseline,26.3334,25.5898,25.5898,0.0,0.026362
90,0,baseline,21.4883,26.2806,21.4883,0.0,0.026388
90,1,baseline,26.1615,26.0531,26.0531,0.0,0.026187
90,2,baseline,26.1509,25.9636,25.9636,0.0,0.026177
90,3,baseline,26.0157,25.4295,25.4295,0.0,0.026044
91,0,baseline,21.2209,26.2924,21.2209,0.0,0.026399
91,1,baseline,26.3059,26.11,26.11,0.0,0.026334
91,2,baseline,26.3618,25.9865,25.9865,0.0,0.026387
91,3,baseline,26.1977,25.2695,25.2695,0.0,0.026226
92,0,baseline,21.286,26.2891,21.286,0.0,0.026395
92,1,baseline,26.2586,26.0847,26.0847,0.0,0.026284
92,2,baseline,26.1732,25.9858,25.9858,0.0,0.026205
92,3,baseline,26.3921,25.4314,25.4314,0.0,0.026424
93,0,baseline,21.2645,26.2752,21.2645,0.0,0.026398
93,1,baseline,26.3355,26.1485,26.1485,0.0,0.02636
93,2,baseline,26.3304,25.9206,25.9206,0.0,0.026356
93,3,baseline,26.0977,25.6204,25.6204,0.0,0.026128
94,0,baseline,21.1581,26.3232,21.1581,0.0,0.026431
94,1,baseline,26.3819,26.184,26.184,0.0,0.026407
94,2,baseline,26.4202,25.8846,25.8846,0.0,0.026446
94,3,baseline,26.3171,25.5569,25.5569,0.0,0.026347
95,0,baseline,20.9796,26.4904,20.9796,0.0,0.026597
95,1,baseline,26.4672,26.2573,26.2573,0.0,0.026495
95,2,baseline,26.5084,25.9428,25.9428,0.0,0.026535
95,3,baseline,26.9835,25.2954,25.2954,0.0,0.027011
96,0,baseline,21.1623,26.3344,21.1623,0.0,0.026441
96,1,baseline,26.2914,26.203,26.203,0.0,0.026318
96,2,baseline,26.0934,26.015,26.015,0.0,0.026123
96,3,baseline,26.2287,25.4628,25.4628,0.0,0.026256
97,0,baseline,21.5967,26.2516,21.5967,0.0,0.026354
97,1,baseline,26.7801,25.9143,25.9143,0.0,0.026805
97,2,baseline,26.9488,26.183,26.183,0.0,0.026975
97,3,baseline,26.8069,25.5288,25.5288,0.0,0.026833
98,0,baseline,21.5681,26.2911,21.5681,0.0,0.026397
98,1,baseline,26.4307,26.2777,26.2777,0.0,0.026458
98,2,baseline,26.3807,25.932,25.932,0.0,0.026406
98,3,baseline,26.5369,26.0691,26.0691,0.0,0.026953
99,0,baseline,21.2848,26.4135,21.2848,0.0,0.02652
99,1,baseline,25.8101,26.1947,25.8101,0.0,0.026302
99,2,baseline,25.4506,26.1889,25.4506,0.0,0.026293
99,3,baseline,25.4464,25.9397,25.4464,0.0,0.026587
100,0,baseline,21.7902,26.2199,21.7902,0.0,0.026319
100,1,baseline,26.4815,26.2419,26.2419,0.0,0.026509
100,2,baseline,26.4064,25.7219,25.7219,0.0,0.026434
100,3,baseline,25.5464,25.8706,25.5464,0.0,0.025985
101,0,baseline,20.8959,26.4069,20.8959,0.0,0.026509
101,1,baseline,25.7002,26.3023,25.7002,0.0,0.026404
101,2,baseline,25.8197,26.1396,25.8197,0.0,0.026247
101,3,baseline,25.6791,25.7135,25.6791,0.0,0.025825
102,0,baseline,21.5716,26.4255,21.5716,0.0,0.026532
102,1,baseline,26.4306,25.989,25.989,0.0,0.026458
102,2,baseline,26.7428,26.0385,26.0385,0.0,0.027012
102,3,baseline,26.6935,25.608,25.608,0.0,0.026747
103,0,baseline,22.6168,26.3816,22.6168,0.0,0.026487
103,1,baseline,27.324,25.59,25.59,0.0,0.027353
103,2,baseline,26.7964,26.0865,26.0865,0.0,0.026849
103,3,baseline,27.2345,25.0972,25.0972,0.0,0.027275
104,0,baseline,22.5349,26.2495,22.5349,0.0,0.026353
104,1,baseline,26.4755,26.1245,26.1245,0.0,0.02667
104,2,baseline,26.4585,26.1236,26.1236,0.0,0.026486
104,3,baseline,26.5833,25.5844,25.5844,0.0,0.026611
105,0,baseline,21.3247,26.3658,21.3247,0.0,0.026488
105,1,baseline,24.8542,26.3128,24.8542,0.0,0.026545
105,2,baseline,25.2685,25.9656,25.2685,0.0,0.026098
105,3,baseline,25.3012,25.9771,25.3012,0.0,0.026096
106,0,baseline,21.7964,26.3174,21.7964,0.0,0.026423
106,1,baseline,25.1253,26.0557,25.1253,0.0,0.026163
106,2,baseline,25.6626,25.9596,25.6626,0.0,0.026068
106,3,baseline,25.7986,25.7617,25.7617,0.0,0.025897
107,0,baseline,21.4186,26.2717,21.4186,0.0,0.026378
107,1,baseline,25.2556,26.2692,25.2556,0.0,0.026377
107,2,baseline,26.0849,25.8149,25.8149,0.0,0.026111
107,3,baseline,25.8756,25.8638,25.8638,0.0,0.025977
108,0,baseline,21.5189,26.2538,21.5189,0.0,0.02648
108,1,baseline,25.5243,26.1788,25.5243,0.0,0.026395
108,2,baseline,26.622,25.8477,25.8477,0.0,0.026648
108,3,baseline,26.497,25.6872,25.6872,0.0,0.026529
109,0,baseline,21.3976,26.2606,21.3976,0.0,0.026379
109,1,baseline,25.5696,26.2703,25.5696,0.0,0.026389
109,2,baseline,26.4024,25.8711,25.8711,0.0,0.026428
109,3,baseline,26.3493,25.6118,25.6118,0.0,0.026375
110,0,baseline,21.0096,26.4549,21.0096,0.0,0.026567
110,1,baseline,25.0215,26.2232,25.0215,0.0,0.02633
110,2,baseline,25.7521,25.9604,25.7521,0.0,0.026068
110,3,baseline,25.6117,25.8427,25.6117,0.0,0.026115
111,0,baseline,21.5211,26.3008,21.5211,0.0,0.02641
111,1,baseline,26.1482,25.9983,25.9983,0.0,0.026175
111,2,baseline,27.4771,25.7492,25.7492,0.0,0.027503
111,3,baseline,28.2602,25.4187,25.4187,0.0,0.028289
112,0,baseline,21.7688,26.3482,21.7688,0.0,0.026457
112,1,baseline,25.9666,26.1789,25.9666,0.0,0.026286
112,2,baseline,25.7712,25.8928,25.7712,0.0,0.025999
112,3,baseline,25.486,25.7317,25.486,0.0,0.025844
113,0,baseline,21.4499,26.325,21.4499,0.0,0.026431
113,1,baseline,24.9146,26.1602,24.9146,0.0,0.026445
113,2,baseline,25.4625,26.1334,25.4625,0.0,0.026244
113,3,baseline,25.7753,25.6879,25.6879,0.0,0.025803
114,0,baseline,21.7373,26.2249,21.7373,0.0,0.026331
114,1,baseline,25.5805,26.1352,25.5805,0.0,0.026272
114,2,baseline,26.7152,25.8933,25.8933,0.0,0.026907
114,3,baseline,26.6398,25.6225,25.6225,0.0,0.02667
115,0,baseline,22.1855,26.1953,22.1855,0.0,0.026302
115,1,baseline,26.0851,25.937,25.937,0.0,0.026112
115,2,baseline,26.3195,25.8658,25.8658,0.0,0.026367
115,3,baseline,26.7537,25.4289,25.4289,0.0,0.02678
116,0,baseline,21.5641,26.4406,21.5641,0.0,0.026538
116,1,baseline,25.1467,26.2686,25.1467,0.0,0.026379
116,2,baseline,24.387,25.9905,24.387,0.0,0.026127
116,3,baseline,25.3639,25.7351,25.3639,0.0,0.025847
117,0,baseline,21.8582,26.2278,21.8582,0.0,0.026355
117,1,baseline,25.6991,26.2155,25.6991,0.0,0.026335
117,2,baseline,26.172,26.16,26.16,0.0,0.026284
117,3,baseline,26.9965,25.5162,25.5162,0.0,0.027029
118,0,baseline,21.715,26.2562,21.715,0.0,0.026367
118,1,baseline,25.632,26.0245,25.632,0.0,0.026134
118,2,baseline,25.7418,25.953,25.7418,0.0,0.026073
118,3,baseline,25.8218,25.701,25.701,0.0,0.025911
119,0,baseline,21.3892,26.5484,21.3892,0.0,0.026657
119,1,baseline,25.5271,26.2243,25.5271,0.0,0.026341
119,2,baseline,25.8846,26.0428,25.8846,0.0,0.026173
119,3,baseline,26.1098,25.6877,25.6877,0.0,0.026137
120,0,baseline,21.6406,26.3011,21.6406,0.0,0.026404
120,1,baseline,26.2133,26.1941,26.1941,0.0,0.026301
120,2,baseline,26.0758,25.8933,25.8933,0.0,0.026101
120,3,baseline,26.5188,25.7667,25.7667,0.0,0.026551
121,0,baseline,21.4156,26.4118,21.4156,0.0,0.02652
121,1,baseline,26.2423,26.0477,26.0477,0.0,0.026325
121,2,baseline,27.0185,25.7842,25.7842,0.0,0.027045
121,3,baseline,26.2804,25.5412,25.5412,0.0,0.026311
122,0,baseline,20.8353,26.3167,20.8353,0.0,0.026429
122,1,baseline,25.7343,26.3604,25.7343,0.0,0.026608
122,2,baseline,25.8668,26.0532,25.8668,0.0,0.026182
122,3,baseline,26.262,25.9004,25.9004,0.0,0.026296
123,0,baseline,21.198,26.2837,21.198,0.0,0.026392
123,1,baseline,26.0257,26.1861,26.0257,0.0,0.02631
123,2,baseline,26.4678,26.0645,26.0645,0.0,0.026497
123,3,baseline,26.3242,25.5516,25.5516,0.0,0.026355
124,0,baseline,21.3888,26.2176,21.3888,0.0,0.026325
124,1,baseline,26.3188,26.1173,26.1173,0.0,0.026344
124,2,baseline,26.5749,25.913,25.913,0.0,0.0266
124,3,baseline,26.1306,25.8127,25.8127,0.0,0.026159
125,0,baseline,21.189,26.3275,21.189,0.0,0.026455
125,1,baseline,26.185,26.0033,26.0033,0.0,0.026212
125,2,baseline,26.255,25.9758,25.9758,0.0,0.02628
125,3,baseline,26.2724,25.5448,25.5448,0.0,0.0263
126,0,baseline,21.4545,26.3675,21.4545,0.0,0.026477
126,1,baseline,26.4221,25.7029,25.7029,0.0,0.026448
126,2,baseline,26.4945,25.7659,25.7659,0.0,0.02652
126,3,baseline,27.2586,25.135,25.135,0.0,0.02729
127,0,baseline,21.2709,26.3837,21.2709,0.0,0.026492
127,1,baseline,26.1758,26.1471,26.1471,0.0,0.02625
127,2,baseline,26.0828,26.088,26.0828,0.0,0.026214
127,3,baseline,25.8837,25.6763,25.6763,0.0,0.025913
128,0,baseline,20.9778,26.4339,20.9778,0.0,0.026542
128,1,baseline,26.4397,26.1986,26.1986,0.0,0.026464
128,2,baseline,26.389,25.9153,25.9153,0.0,0.026414
128,3,baseline,26.8,25.6952,25.6952,0.0,0.026828
129,0,baseline,21.4077,26.2911,21.4077,0.0,0.0264
129,1,baseline,26.4573,26.0975,26.0975,0.0,0.026484
129,2,baseline,25.8212,26.1468,25.8212,0.0,0.026252
129,3,baseline,26.0259,25.617,25.617,0.0,0.026055
130,0,baseline,21.9844,26.3006,21.9844,0.0,0.026415
130,1,baseline,27.0303,25.6945,25.6945,0.0,0.027058
130,2,baseline,27.3467,25.4458,25.4458,0.0,0.027373
130,3,baseline,27.49,25.3775,25.3775,0.0,0.027526
131,0,baseline,22.0387,26.4193,22.0387,0.0,0.026527
131,1,baseline,26.3795,26.1362,26.1362,0.0,0.026505
131,2,baseline,26.278,25.8449,25.8449,0.0,0.026303
131,3,baseline,25.9719,25.8698,25.8698,0.0,0.025999
132,0,baseline,21.5896,26.3455,21.5896,0.0,0.026453
132,1,baseline,26.3476,25.9436,25.9436,0.0,0.026384
132,2,baseline,26.7593,26.2385,26.2385,0.0,0.026786
132,3,baseline,26.1743,25.5347,25.5347,0.0,0.026201
133,0,baseline,21.2591,26.1975,21.2591,0.0,0.02632
133,1,baseline,25.7132,26.2101,25.7132,0.0,0.026344
133,2,baseline,25.5562,26.1169,25.5562,0.0,0.026223
133,3,baseline,26.6558,25.5848,25.5848,0.0,0.026682
134,0,baseline,21.3203,26.3919,21.3203,0.0,0.026517
134,1,baseline,25.5369,26.2809,25.5369,0.0,0.026396
134,2,baseline,25.3733,26.1383,25.3733,0.0,0.026263
134,3,baseline,26.1639,25.5677,25.5677,0.0,0.026198
135,0,baseline,21.5373,26.432,21.5373,0.0,0.026549
135,1,baseline,25.9793,26.0664,25.9793,0.0,0.026182
135,2,baseline,25.8238,26.0683,25.8238,0.0,0.026173
135,3,baseline,26.5773,25.7097,25.7097,0.0,0.026605
136,0,baseline,21.5333,26.3708,21.5333,0.0,0.02648
136,1,baseline,26.5084,25.939,25.939,0.0,0.026534
136,2,baseline,26.7272,25.7897,25.7897,0.0,0.026753
136,3,baseline,26.7516,25.6445,25.6445,0.0,0.027079
137,0,baseline,21.1598,26.3595,21.1598,0.0,0.026467
137,1,baseline,25.8076,26.2727,25.8076,0.0,0.02638
137,2,baseline,25.8212,26.0657,25.8212,0.0,0.026183
137,3,baseline,25.448,25.7731,25.448,0.0,0.02607
138,0,baseline,21.6499,26.3001,21.6499,0.0,0.026413
138,1,baseline,26.4044,26.1671,26.1671,0.0,0.026431
138,2,baseline,26.224,26.1115,26.1115,0.0,0.026251
138,3,baseline,26.1744,25.6041,25.6041,0.0,0.026202
139,0,baseline,21.3248,26.3882,21.3248,0.0,0.026492
139,1,baseline,26.046,26.2802,26.046,0.0,0.026387
139,2,baseline,26.3652,25.876,25.876,0.0,0.026391
139,3,baseline,25.9966,25.7624,25.7624,0.0,0.026023
140,0,baseline,21.3082,26.3861,21.3082,0.0,0.026492
140,1,baseline,26.4346,26.2667,26.2667,0.0,0.026459
140,2,baseline,26.7887,26.1329,26.1329,0.0,0.026815
140,3,baseline,26.5392,25.8123,25.8123,0.0,0.026574
141,0,baseline,21.4359,26.1658,21.4359,0.0,0.026286
141,1,baseline,26.5915,25.9599,25.9599,0.0,0.026676
141,2,baseline,26.6047,25.8858,25.8858,0.0,0.026632
141,3,baseline,26.5814,25.8852,25.8852,0.0,0.026609
142,0,baseline,21.5389,26.3263,21.5389,0.0,0.026426
142,1,baseline,26.4539,26.33,26.33,0.0,0.026613
142,2,baseline,26.5473,26.0444,26.0444,0.0,0.026571
142,3,baseline,26.3093,25.9219,25.9219,0.0,0.026336
143,0,baseline,21.2452,26.2844,21.2452,0.0,0.026393
143,1,baseline,26.0177,26.2957,26.0177,0.0,0.0264
143,2,baseline,26.2272,26.1764,26.1764,0.0,0.026275
143,3,baseline,26.1863,25.6896,25.6896,0.0,0.026211
144,0,baseline,20.4171,26.4081,20.4171,0.0,0.026503
144,1,baseline,24.7977,26.426,24.7977,0.0,0.026536
144,2,baseline,25.0307,26.2877,25.0307,0.0,0.026387
144,3,baseline,25.4421,26.052,25.4421,0.0,0.026149
145,0,baseline,20.6542,26.5847,20.6542,0.0,0.026684
145,1,baseline,25.0762,26.5243,25.0762,0.0,0.026631
145,2,baseline,25.4529,26.2758,25.4529,0.0,0.026373
145,3,baseline,26.0008,25.942,25.942,0.0,0.026048
146,0,baseline,20.4625,26.6436,20.4625,0.0,0.026752
146,1,baseline,25.2247,26.4546,25.2247,0.0,0.026559
146,2,baseline,26.0215,26.1118,26.0215,0.0,0.026215
146,3,baseline,26.5272,25.7015,25.7015,0.0,0.026552
147,0,baseline,20.5672,26.599,20.5672,0.0,0.026713
147,1,baseline,25.4076,26.4468,25.4076,0.0,0.026552
147,2,baseline,26.6349,26.4978,26.4978,0.0,0.02666
147,3,baseline,27.8076,25.8279,25.8279,0.0,0.027835
148,0,baseline,20.8542,26.2045,20.8542,0.0,0.026309
148,1,baseline,25.2123,26.1522,25.2123,0.0,0.02626
148,2,baseline,26.2958,26.0416,26.0416,0.0,0.026322
148,3,baseline,26.2582,25.8547,25.8547,0.0,0.026282
149,0,baseline,21.3319,26.3386,21.3319,0.0,0.026461
149,1,baseline,26.3788,26.2343,26.2343,0.0,0.026404
149,2,baseline,27.2085,25.8913,25.8913,0.0,0.027234
149,3,baseline,26.3083,25.9642,25.9642,0.0,0.026334
150,0,baseline,20.8345,26.4,20.8345,0.0,0.026515
150,1,baseline,25.562,26.2871,25.562,0.0,0.026385
150,2,baseline,25.2308,26.2242,25.2308,0.0,0.026324
150,3,baseline,26.1189,25.7506,25.7506,0.0,0.026145
151,0,baseline,21.0371,26.4211,21.0371,0.0,0.026531
151,1,baseline,26.3531,26.0805,26.0805,0.0,0.026438
151,2,baseline,26.4946,25.8418,25.8418,0.0,0.02652
151,3,baseline,27.0638,25.6102,25.6102,0.0,0.027089
152,0,baseline,21.0121,26.3668,21.0121,0.0,0.02648
152,1,baseline,26.1351,26.1068,26.1068,0.0,0.026257
152,2,baseline,25.6359,26.0665,25.6359,0.0,0.026176
152,3,baseline,26.1453,25.6404,25.6404,0.0,0.026171
153,0,baseline,22.6703,26.4968,22.6703,0.0,0.026604
153,1,baseline,27.7591,25.6083,25.6083,0.0,0.027786
153,2,baseline,28.0726,25.6707,25.6707,0.0,0.028098
153,3,baseline,28.6192,24.6789,24.6789,0.0,0.028645
154,0,baseline,21.3111,26.3696,21.3111,0.0,0.026475
154,1,baseline,25.1228,26.3047,25.1228,0.0,0.026409
154,2,baseline,24.8797,26.2296,24.8797,0.0,0.026335
154,3,baseline,24.5306,25.8853,24.5306,0.0,0.025993
155,0,baseline,21.3383,26.2999,21.3383,0.0,0.026409
155,1,baseline,25.6977,26.0174,25.6977,0.0,0.026119
155,2,baseline,25.694,26.1063,25.694,0.0,0.026208
155,3,baseline,25.7879,25.8063,25.7879,0.0,0.025942
156,0,baseline,21.2579,26.406,21.2579,0.0,0.026512
156,1,baseline,25.7643,26.2646,25.7643,0.0,0.026364
156,2,baseline,25.5009,26.0315,25.5009,0.0,0.026137
156,3,baseline,26.0004,25.8446,25.8446,0.0,0.026026
157,0,baseline,20.5266,26.7227,20.5266,0.0,0.026832
157,1,baseline,24.8958,26.3172,24.8958,0.0,0.026441
157,2,baseline,24.8997,25.9685,24.8997,0.0,0.026077
157,3,baseline,25.4176,25.9258,25.4176,0.0,0.026032
158,0,baseline,21.0614,26.3574,21.0614,0.0,0.026453
158,1,baseline,26.5028,26.3561,26.3561,0.0,0.026526
158,2,baseline,26.8961,26.0944,26.0944,0.0,0.026919
158,3,baseline,26.4011,25.408,25.408,0.0,0.026425
159,0,baseline,20.7834,26.5776,20.7834,0.0,0.02668
159,1,baseline,25.8429,26.596,25.8429,0.0,0.026697
159,2,baseline,25.7922,26.3367,25.7922,0.0,0.026446
159,3,baseline,26.3629,25.8966,25.8966,0.0,0.026388
160,0,baseline,20.3866,26.6456,20.3866,0.0,0.026753
160,1,baseline,25.4304,26.7117,25.4304,0.0,0.026827
160,2,baseline,25.6246,26.5461,25.6246,0.0,0.026656
160,3,baseline,26.3028,26.221,26.221,0.0,0.026329
161,0,baseline,20.5447,26.3944,20.5447,0.0,0.026498
161,1,baseline,25.9592,26.2807,25.9592,0.0,0.026383
161,2,baseline,26.4737,26.2751,26.2751,0.0,0.026497
161,3,baseline,28.0985,25.4291,25.4291,0.0,0.028127
162,0,baseline,20.6443,26.5455,20.6443,0.0,0.026648
162,1,baseline,25.4432,26.4934,25.4432,0.0,0.026589
162,2,baseline,25.7379,26.0852,25.7379,0.0,0.02618
162,3,baseline,25.7447,26.1292,25.7447,0.0,0.026225
163,0,baseline,21.2419,26.377,21.2419,0.0,0.026483
163,1,baseline,26.3219,26.3168,26.3168,0.0,0.026422
163,2,baseline,26.985,25.9367,25.9367,0.0,0.02701
163,3,baseline,26.3848,25.5316,25.5316,0.0,0.02641
164,0,baseline,21.1089,26.3273,21.1089,0.0,0.026434
164,1,baseline,26.3757,26.1619,26.1619,0.0,0.026403
164,2,baseline,26.5347,26.1325,26.1325,0.0,0.026561
164,3,baseline,26.2293,25.9352,25.9352,0.0,0.026258
165,0,baseline,22.1186,26.5605,22.1186,0.0,0.026681
165,1,baseline,26.9699,25.706,25.706,0.0,0.026995
165,2,baseline,27.2028,25.4875,25.4875,0.0,0.027228
165,3,baseline,28.1677,24.6756,24.6756,0.0,0.028195
166,0,baseline,21.2273,26.4851,21.2273,0.0,0.026598
166,1,baseline,26.0949,26.2334,26.0949,0.0,0.026337
166,2,baseline,25.8704,26.117,25.8704,0.0,0.026225
166,3,baseline,25.2191,25.7555,25.2191,0.0,0.025868
167,0,baseline,21.6903,26.3107,21.6903,0.0,0.026422
167,1,baseline,26.5212,26.3102,26.3102,0.0,0.026547
167,2,baseline,26.551,26.4528,26.4528,0.0,0.026577
167,3,baseline,26.7791,25.8983,25.8983,0.0,0.026804
168,0,baseline,21.4489,26.3392,21.4489,0.0,0.026436
168,1,baseline,26.4502,26.3269,26.3269,0.0,0.026476
168,2,baseline,26.252,25.9938,25.9938,0.0,0.026278
168,3,baseline,25.318,25.9545,25.318,0.0,0.026058
169,0,baseline,21.2843,26.4494,21.2843,0.0,0.026558
169,1,baseline,26.2045,26.1722,26.1722,0.0,0.026278
169,2,baseline,25.7949,25.9507,25.7949,0.0,0.026058
169,3,baseline,26.0296,25.7432,25.7432,0.0,0.026056
170,0,baseline,21.0786,26.3302,21.0786,0.0,0.026429
170,1,baseline,26.3641,26.3853,26.3641,0.0,0.026495
170,2,baseline,26.5653,25.8906,25.8906,0.0,0.026593
170,3,baseline,26.1732,25.8152,25.8152,0.0,0.0262
171,0,baseline,21.3826,26.4047,21.3826,0.0,0.026515
171,1,baseline,26.5427,26.1807,26.1807,0.0,0.026569
171,2,baseline,26.6086,26.2151,26.2151,0.0,0.026635
171,3,baseline,26.5666,25.7442,25.7442,0.0,0.026593
172,0,baseline,21.2141,26.3308,21.2141,0.0,0.026438
172,1,baseline,26.5314,26.327,26.327,0.0,0.026681
172,2,baseline,26.6509,26.0321,26.0321,0.0,0.026676
172,3,baseline,26.8709,25.7978,25.7978,0.0,0.026896
173,0,baseline,21.037,26.4297,21.037,0.0,0.026541
173,1,baseline,25.626,26.2511,25.626,0.0,0.026529
173,2,baseline,25.682,26.1746,25.682,0.0,0.026278
173,3,baseline,26.1075,25.8652,25.8652,0.0,0.02614
174,0,baseline,20.8147,26.5996,20.8147,0.0,0.026719
174,1,baseline,25.2101,26.3968,25.2101,0.0,0.026509
174,2,baseline,25.6228,26.2864,25.6228,0.0,0.026396
174,3,baseline,26.2039,26.0892,26.0892,0.0,0.02623
175,0,baseline,20.7969,26.4696,20.7969,0.0,0.026575
175,1,baseline,26.3036,26.4614,26.3036,0.0,0.026576
175,2,baseline,27.0129,26.0693,26.0693,0.0,0.027038
175,3,baseline,27.7866,25.2199,25.2199,0.0,0.027812
176,0,baseline,21.377,26.3998,21.377,0.0,0.026497
176,1,baseline,26.0644,26.184,26.0644,0.0,0.026284
176,2,baseline,26.0322,26.1931,26.0322,0.0,0.026298
176,3,baseline,25.8055,25.6628,25.6628,0.0,0.025831
177,0,baseline,21.1044,26.4316,21.1044,0.0,0.026536
177,1,baseline,25.9725,26.2614,25.9725,0.0,0.026374
177,2,baseline,25.8417,26.0469,25.8417,0.0,0.026154
177,3,baseline,26.0581,25.9517,25.9517,0.0,0.026251
178,0,baseline,20.4226,26.5161,20.4226,0.0,0.026618
178,1,baseline,25.8253,26.4857,25.8253,0.0,0.026595
178,2,baseline,26.262,26.3294,26.262,0.0,0.026436
178,3,baseline,25.6164,26.1111,25.6164,0.0,0.026456
179,0,baseline,21.1887,26.2841,21.1887,0.0,0.026389
179,1,baseline,26.4112,26.1901,26.1901,0.0,0.026442
179,2,baseline,26.4007,25.699,25.699,0.0,0.026426
179,3,baseline,26.3217,25.7488,25.7488,0.0,0.026349
180,0,baseline,21.1946,26.3498,21.1946,0.0,0.026453
180,1,baseline,26.4855,26.1347,26.1347,0.0,0.026511
180,2,baseline,27.1756,26.1077,26.1077,0.0,0.027199
180,3,baseline,26.4396,25.7108,25.7108,0.0,0.026465
181,0,baseline,20.9884,26.464,20.9884,0.0,0.026564
181,1,baseline,25.893,26.412,25.893,0.0,0.026515
181,2,baseline,25.3926,26.0981,25.3926,0.0,0.026193
181,3,baseline,25.9394,25.9025,25.9025,0.0,0.026019
182,0,baseline,20.9485,26.389,20.9485,0.0,0.026483
182,1,baseline,26.5036,26.3458,26.3458,0.0,0.026546
182,2,baseline,26.8031,25.8823,25.8823,0.0,0.026827
182,3,baseline,26.8828,25.3288,25.3288,0.0,0.026909
183,0,baseline,20.7865,26.5137,20.7865,0.0,0.026633
183,1,baseline,25.7697,26.2755,25.7697,0.0,0.026387
183,2,baseline,25.2534,26.4236,25.2534,0.0,0.026526
183,3,baseline,26.1994,25.8438,25.8438,0.0,0.026239
184,0,baseline,20.8479,26.409,20.8479,0.0,0.026515
184,1,baseline,26.2375,26.1112,26.1112,0.0,0.026372
184,2,baseline,25.5641,25.9201,25.5641,0.0,0.026013
184,3,baseline,26.8037,25.4712,25.4712,0.0,0.026829
185,0,baseline,21.1206,26.6248,21.1206,0.0,0.02673
185,1,baseline,26.3204,26.3237,26.3204,0.0,0.026614
185,2,baseline,26.3889,26.1876,26.1876,0.0,0.026414
185,3,baseline,26.6644,25.7289,25.7289,0.0,0.02669
186,0,baseline,21.7065,26.3233,21.7065,0.0,0.026431
186,1,baseline,27.2909,25.8479,25.8479,0.0,0.027318
186,2,baseline,27.7975,25.276,25.276,0.0,0.027826
186,3,baseline,26.6346,25.2933,25.2933,0.0,0.026955
187,0,baseline,21.272,26.5421,21.272,0.0,0.026643
187,1,baseline,25.5729,26.3556,25.5729,0.0,0.026471
187,2,baseline,25.487,26.2605,25.487,0.0,0.026374
187,3,baseline,26.2451,26.1526,26.1526,0.0,0.026997
188,0,baseline,21.2199,26.4544,21.2199,0.0,0.02656
188,1,baseline,25.9639,26.3052,25.9639,0.0,0.026415
188,2,baseline,26.1012,26.0068,26.0068,0.0,0.026126
188,3,baseline,26.0143,25.7931,25.7931,0.0,0.026041
189,0,baseline,21.5805,26.366,21.5805,0.0,0.026475
189,1,baseline,26.4946,26.2632,26.2632,0.0,0.02652
189,2,baseline,26.8498,26.064,26.064,0.0,0.026875
189,3,baseline,26.3419,25.6388,25.6388,0.0,0.026367
190,0,baseline,21.2972,26.3378,21.2972,0.0,0.026443
190,1,baseline,26.0871,26.2084,26.0871,0.0,0.026321
190,2,baseline,25.7696,25.9272,25.7696,0.0,0.026326
190,3,baseline,26.3144,25.8859,25.8859,0.0,0.026341
191,0,baseline,21.7475,26.383,21.7475,0.0,0.026496
191,1,baseline,26.5463,26.1579,26.1579,0.0,0.026572
191,2,baseline,26.4051,26.3478,26.3478,0.0,0.026961
191,3,baseline,27.1124,25.4872,25.4872,0.0,0.027138
192,0,baseline,21.4299,26.3543,21.4299,0.0,0.02645
192,1,baseline,26.3017,26.2974,26.2974,0.0,0.026395
192,2,baseline,25.7476,26.1512,25.7476,0.0,0.026261
192,3,baseline,26.2331,25.5835,25.5835,0.0,0.026258
193,0,baseline,21.3436,26.4053,21.3436,0.0,0.02651
193,1,baseline,26.2242,26.3732,26.2242,0.0,0.026483
193,2,baseline,25.4958,26.0488,25.4958,0.0,0.026162
193,3,baseline,26.1006,25.8837,25.8837,0.0,0.026127
194,0,baseline,21.6857,26.3333,21.6857,0.0,0.02644
194,1,baseline,26.5111,26.002,26.002,0.0,0.026536
194,2,baseline,26.3869,26.0127,26.0127,0.0,0.026411
194,3,baseline,26.5975,25.7197,25.7197,0.0,0.026624
195,0,baseline,21.3517,26.3121,21.3517,0.0,0.026412
195,1,baseline,26.2297,26.2383,26.2297,0.0,0.026331
195,2,baseline,25.7875,25.9425,25.7875,0.0,0.026036
195,3,baseline,26.2094,25.8013,25.8013,0.0,0.026234
196,0,baseline,21.3098,26.3519,21.3098,0.0,0.02645
196,1,baseline,26.41,26.2182,26.2182,0.0,0.026433
196,2,baseline,26.6804,26.0725,26.0725,0.0,0.026704
196,3,baseline,26.3376,25.7762,25.7762,0.0,0.026361
197,0,baseline,21.5277,26.3685,21.5277,0.0,0.026473
197,1,baseline,26.4024,25.9647,25.9647,0.0,0.026427
197,2,baseline,26.3406,26.0173,26.0173,0.0,0.026365
197,3,baseline,26.9171,25.7482,25.7482,0.0,0.026944
198,0,baseline,20.9063,26.3678,20.9063,0.0,0.026462
198,1,baseline,25.8474,26.3294,25.8474,0.0,0.026427
198,2,baseline,25.9002,26.1067,25.9002,0.0,0.026203
198,3,baseline,25.8089,26.0736,25.8089,0.0,0.02618
199,0,baseline,20.4324,26.719,20.4324,0.0,0.026814
199,1,baseline,25.4804,26.4644,25.4804,0.0,0.026557
199,2,baseline,25.8185,26.1885,25.8185,0.0,0.026281
199,3,baseline,25.5223,26.0122,25.5223,0.0,0.026109
