timestamp,step,allreduce_latency_ms,allreduce_bw_gbs,io_flood_active,rank_is_flooder,nic_util_pct
0.275,0,88.5072,5.6493,0,0,0.0
0.2997,1,23.8466,20.9674,0,0,0.0
0.3231,2,23.157,21.5917,0,0,0.0
0.347,3,23.413,21.3556,0,0,0.0
0.3713,4,23.8245,20.9868,0,0,0.0
0.395,5,23.5063,21.2709,0,0,0.0
0.4186,6,23.3567,21.4071,0,0,0.0
0.4427,7,23.6629,21.1302,0,0,0.0
0.4672,8,23.8182,20.9924,0,0,0.0
0.4916,9,24.1009,20.7461,0,0,0.0
0.5151,10,23.3321,21.4297,0,0,0.0
0.539,11,23.6566,21.1358,0,0,0.0
0.5627,12,23.5444,21.2365,0,0,0.0
0.5867,13,23.556,21.226,0,0,0.0
0.611,14,23.8435,20.9701,0,0,0.0
0.6347,15,23.439,21.332,0,0,0.0
0.6591,16,24.1189,20.7307,0,0,0.0
0.6832,17,24.0061,20.828,0,0,0.0
0.7068,18,23.3954,21.3717,0,0,0.0
0.7312,19,24.1625,20.6932,0,0,0.0
0.755,20,23.5187,21.2597,0,0,0.0
0.7788,21,23.4252,21.3446,0,0,0.0
0.8027,22,23.5225,21.2563,0,0,0.0
0.8269,23,24.0083,20.8261,0,0,0.0
0.8507,24,23.5274,21.2518,0,0,0.0
0.875,25,23.9236,20.8999,0,0,0.0
0.8987,26,23.4242,21.3454,0,0,0.0
0.9223,27,23.4124,21.3562,0,0,0.0
0.9463,28,23.8057,21.0033,0,0,0.0
0.97,29,23.4591,21.3137,0,0,0.0
0.9937,30,23.3466,21.4164,0,0,0.0
1.0181,31,23.5104,21.2672,0,0,0.0
1.0416,32,23.093,21.6516,0,0,0.0
1.0655,33,23.3942,21.3728,0,0,0.0
1.0897,34,23.8696,20.9472,0,0,0.0
1.1135,35,23.6004,21.186,0,0,0.0
1.1375,36,23.7889,21.0182,0,0,0.0
1.1619,37,24.1094,20.7388,0,0,0.0
1.1858,38,23.7072,21.0906,0,0,0.0
1.2099,39,23.923,20.9004,0,0,0.0
1.2342,40,24.1103,20.738,0,0,0.0
1.2582,41,23.7817,21.0246,0,0,0.0
1.2827,42,24.0482,20.7915,0,0,0.0
1.3063,43,23.4485,21.3234,0,0,0.0
1.33,44,23.3025,21.4569,0,0,0.0
1.3542,45,23.6488,21.1427,0,0,0.0
1.378,46,23.3645,21.4,0,0,0.0
1.4024,47,23.8236,20.9876,0,0,0.0
1.4262,48,23.6031,21.1836,0,0,0.0
1.4499,49,23.488,21.2875,0,0,0.0
1.4738,50,23.6601,21.1326,0,0,0.0
1.4984,51,24.1596,20.6957,0,0,0.0
1.5223,52,23.7069,21.0909,0,0,0.0
1.5461,53,23.5823,21.2023,0,0,0.0
1.5703,54,23.9522,20.8749,0,0,0.0
1.5941,55,23.627,21.1623,0,0,0.0
1.6175,56,23.1245,21.622,0,0,0.0
1.6416,57,23.7123,21.0861,0,0,0.0
1.6656,58,23.7587,21.045,0,0,0.0
1.6893,59,23.4822,21.2927,0,0,0.0
1.7131,60,23.3793,21.3865,0,0,0.0
1.7373,61,23.7549,21.0483,0,0,0.0
1.7611,62,23.6292,21.1603,0,0,0.0
1.7851,63,23.8059,21.0032,0,0,0.0
1.8093,64,23.8854,20.9333,0,0,0.0
1.8334,65,23.9519,20.8752,0,0,0.0
1.857,66,23.3784,21.3873,0,0,0.0
1.8808,67,23.4277,21.3422,0,0,0.0
1.9052,68,24.0994,20.7474,0,0,0.0
1.9288,69,23.4634,21.3098,0,0,0.0
1.9527,70,23.6168,21.1713,0,0,0.0
1.9763,71,23.2729,21.4842,0,0,0.0
2.0007,72,23.7772,21.0286,0,0,0.0
2.0246,73,23.6631,21.13,0,0,0.0
2.0485,74,23.4762,21.2982,0,0,0.0
2.0727,75,23.815,20.9951,0,0,0.0
2.0969,76,23.9267,20.8972,0,0,0.0
2.121,77,23.893,20.9267,0,0,0.0
2.1452,78,24.023,20.8134,0,0,0.0
2.1688,79,23.4617,21.3113,0,0,0.0
2.193,80,23.9916,20.8406,0,0,0.0
2.2173,81,24.0888,20.7566,0,0,0.0
2.2411,82,23.6194,21.1691,0,0,0.0
2.2652,83,23.8018,21.0068,0,0,0.0
2.2895,84,23.6848,21.1105,0,0,0.0
2.3139,85,24.049,20.7909,0,0,0.0
2.3382,86,23.6944,21.102,0,0,0.0
2.3615,87,23.0634,21.6794,0,0,0.0
2.386,88,24.006,20.8281,0,0,0.0
2.41,89,23.2581,21.4979,0,0,0.0
2.4341,90,23.9266,20.8973,0,0,0.0
2.4581,91,23.6123,21.1754,0,0,0.0
2.4822,92,23.7076,21.0903,0,0,0.0
2.5059,93,23.4582,21.3145,0,0,0.0
2.5299,94,23.5765,21.2075,0,0,0.0
2.5536,95,23.3961,21.3711,0,0,0.0
2.5774,96,23.3534,21.4102,0,0,0.0
2.6019,97,24.0259,20.8109,0,0,0.0
2.6256,98,23.5479,21.2333,0,0,0.0
2.6492,99,23.4298,21.3404,0,0,0.0
2.6794,100,29.8268,16.7634,0,0,0.0
2.7065,101,24.2726,20.5994,0,0,0.0
2.7308,102,24.0758,20.7677,0,0,0.0
2.7551,103,24.086,20.759,0,0,0.0
2.7793,104,24.0452,20.7942,0,0,0.0
2.806,105,25.9723,19.2513,0,0,0.0
2.8317,106,25.4468,19.6488,0,0,0.0
2.8571,107,25.2563,19.797,0,0,0.0
2.8822,108,24.9357,20.0516,0,0,0.0
2.9075,109,25.0876,19.9302,0,0,0.0
2.9328,110,25.0771,19.9385,0,0,0.0
2.9582,111,25.155,19.8768,0,0,0.0
2.9834,112,24.9871,20.0103,0,0,0.0
3.0077,113,24.0129,20.8221,0,0,0.0
3.0411,114,32.7039,15.2887,0,0,0.0
3.0669,115,25.5239,19.5895,0,0,0.0
3.0925,116,25.4042,19.6818,0,0,0.0
3.1181,117,25.3357,19.735,0,0,0.0
3.1435,118,25.2383,19.8112,0,0,0.0
3.1687,119,24.9974,20.0021,0,0,0.0
3.1942,120,25.2383,19.8112,0,0,0.0
3.2195,121,25.1822,19.8553,0,0,0.0
3.2447,122,24.9368,20.0506,0,0,0.0
3.2691,123,24.2469,20.6212,0,0,0.0
3.2976,124,28.3252,17.6521,0,0,0.0
3.3273,125,27.6696,18.0704,0,0,0.0
3.354,126,26.4828,18.8802,0,0,0.0
3.3796,127,25.4701,19.6308,0,0,0.0
3.4047,128,24.7249,20.2225,0,0,0.0
3.4297,129,24.7851,20.1734,0,0,0.0
3.455,130,25.1745,19.8614,0,0,0.0
3.4804,131,25.2204,19.8252,0,0,0.0
3.5058,132,25.0838,19.9332,0,0,0.0
3.5306,133,24.6759,20.2627,0,0,0.0
3.5549,134,24.0571,20.7839,0,0,0.0
3.5879,135,32.6597,15.3094,0,0,0.0
3.6147,136,26.4454,18.9069,0,0,0.0
3.6403,137,25.4097,19.6775,0,0,0.0
3.6657,138,25.1018,19.9189,0,0,0.0
3.6904,139,24.5769,20.3443,0,0,0.0
3.7155,140,24.8839,20.0933,0,0,0.0
3.7408,141,25.147,19.8831,0,0,0.0
3.7661,142,25.0407,19.9675,0,0,0.0
3.7914,143,25.1582,19.8742,0,0,0.0
3.816,144,24.3851,20.5044,0,0,0.0
3.8495,145,32.8917,15.2014,0,0,0.0
3.8762,146,26.3774,18.9556,0,0,0.0
3.9017,147,25.3527,19.7217,0,0,0.0
3.9272,148,25.2739,19.7832,0,0,0.0
3.9521,149,24.7153,20.2304,0,0,0.0
3.9775,150,25.1671,19.8672,0,0,0.0
4.003,151,25.2423,19.808,0,0,0.0
4.0284,152,25.1871,19.8514,0,0,0.0
4.0535,153,24.9188,20.0652,0,0,0.0
4.0782,154,24.4801,20.4248,0,0,0.0
4.1111,155,32.2795,15.4897,0,0,0.0
4.137,156,25.646,19.4962,0,0,0.0
4.1626,157,25.3339,19.7364,0,0,0.0
4.1882,158,25.3752,19.7043,0,0,0.0
4.2135,159,25.0933,19.9256,0,0,0.0
4.2385,160,24.8312,20.136,0,0,0.0
4.2639,161,25.2063,19.8363,0,0,0.0
4.2896,162,25.4107,19.6767,0,0,0.0
4.3161,163,26.3424,18.9808,0,0,0.0
4.3405,164,24.0889,20.7565,0,0,0.0
4.373,165,32.336,15.4626,0,0,0.0
4.3991,166,25.7952,19.3834,0,0,0.0
4.4248,167,25.4534,19.6437,0,0,0.0
4.4502,168,25.2443,19.8064,0,0,0.0
4.4753,169,24.9665,20.0269,0,0,0.0
4.5006,170,25.0923,19.9264,0,0,0.0
4.5261,171,25.248,19.8035,0,0,0.0
4.5513,172,25.052,19.9585,0,0,0.0
4.5762,173,24.6316,20.2991,0,0,0.0
4.6006,174,24.1829,20.6758,0,0,0.0
4.6342,175,33.3758,14.9809,0,0,0.0
4.6601,176,25.6972,19.4574,0,0,0.0
4.6853,177,25.0113,19.9909,0,0,0.0
4.711,178,25.5194,19.5929,0,0,0.0
4.7362,179,24.9078,20.0741,0,0,0.0
4.7613,180,24.9017,20.0789,0,0,0.0
4.787,181,25.4698,19.6311,0,0,0.0
4.8124,182,25.1992,19.8419,0,0,0.0
4.8373,183,24.7252,20.2223,0,0,0.0
4.8609,184,23.4065,21.3616,0,0,0.0
4.894,185,32.5901,15.3421,0,0,0.0
4.9204,186,26.2296,19.0624,0,0,0.0
4.9459,187,25.2781,19.7799,0,0,0.0
4.9714,188,25.3062,19.758,0,0,0.0
4.9968,189,25.1329,19.8943,0,0,0.0
5.0221,190,25.134,19.8934,0,0,0.0
5.0474,191,25.1488,19.8817,0,0,0.0
5.0728,192,25.1329,19.8942,0,0,0.0
5.0979,193,24.9262,20.0592,0,0,0.0
5.1223,194,24.1931,20.667,0,0,0.0
5.1551,195,32.6183,15.3288,0,0,0.0
5.1811,196,25.7189,19.4409,0,0,0.0
5.2067,197,25.3976,19.6869,0,0,0.0
5.2322,198,25.2402,19.8096,0,0,0.0
5.2574,199,24.9313,20.0551,0,0,0.0
5.2828,200,25.1645,19.8692,0,0,0.0
5.3082,201,25.2369,19.8123,0,0,0.0
5.3336,202,25.131,19.8957,0,0,0.0
5.3588,203,25.031,19.9752,0,0,0.0
5.3833,204,24.3431,20.5397,0,0,0.0
5.4155,205,31.9448,15.652,0,0,0.0
5.4419,206,26.1659,19.1089,0,0,0.0
5.4675,207,25.4127,19.6752,0,0,0.0
5.4929,208,25.2108,19.8328,0,0,0.0
5.5184,209,25.2546,19.7983,0,0,0.0
5.5436,210,25.0095,19.9924,0,0,0.0
5.5689,211,25.1271,19.8988,0,0,0.0
5.5943,212,25.1285,19.8978,0,0,0.0
5.6194,213,24.958,20.0337,0,0,0.0
5.644,214,24.365,20.5213,0,0,0.0
5.6769,215,32.6311,15.3228,0,0,0.0
5.7095,216,32.3444,15.4586,0,0,0.0
5.7349,217,25.174,19.8617,0,0,0.0
5.7601,218,25.0183,19.9854,0,0,0.0
5.7852,219,24.9286,20.0573,0,0,0.0
5.8105,220,25.0414,19.9669,0,0,0.0
5.8359,221,25.1523,19.8789,0,0,0.0
5.8613,222,25.2341,19.8144,0,0,0.0
5.8863,223,24.8025,20.1593,0,0,0.0
5.9104,224,23.8764,20.9412,0,0,0.0
5.9427,225,32.1221,15.5656,0,0,0.0
5.9704,226,25.5909,19.5382,0,0,0.0
5.9962,227,25.5898,19.539,0,0,0.0
6.0218,228,25.2924,19.7688,0,0,0.0
6.0472,229,25.2067,19.836,0,0,0.0
6.0722,230,24.8847,20.0926,0,0,0.0
6.0975,231,25.0852,19.9321,0,0,0.0
6.1228,232,25.0791,19.9369,0,0,0.0
6.1481,233,25.0282,19.9775,0,0,0.0
6.1724,234,24.1306,20.7206,0,0,0.0
6.2056,235,32.9433,15.1776,0,0,0.0
6.2353,236,25.7537,19.4147,0,0,0.0
6.2609,237,25.371,19.7076,0,0,0.0
6.2863,238,25.1877,19.851,0,0,0.0
6.3119,239,25.3627,19.714,0,0,0.0
6.3374,240,25.2523,19.8002,0,0,0.0
6.3633,241,25.3263,19.7423,0,0,0.0
6.3885,242,24.9831,20.0136,0,0,0.0
6.4132,243,24.4819,20.4232,0,0,0.0
6.4376,244,24.2261,20.6389,0,0,0.0
6.4705,245,32.6608,15.3088,0,0,0.0
6.4963,246,25.6498,19.4933,0,0,0.0
6.5219,247,25.3325,19.7375,0,0,0.0
6.5472,248,25.0981,19.9219,0,0,0.0
6.5729,249,25.0894,19.9287,0,0,0.0
6.5982,250,25.1026,19.9182,0,0,0.0
6.6236,251,25.1853,19.8529,0,0,0.0
6.6488,252,25.0168,19.9866,0,0,0.0
6.6736,253,24.6146,20.3131,0,0,0.0
6.698,254,24.1649,20.6912,0,0,0.0
6.7317,255,33.3783,14.9798,0,0,0.0
6.7579,256,25.813,19.3701,0,0,0.0
6.7835,257,25.3165,19.75,0,0,0.0
6.8085,258,24.8577,20.1145,0,0,0.0
6.834,259,25.2339,19.8146,0,0,0.0
6.8592,260,24.9816,20.0148,0,0,0.0
6.8844,261,25.0522,19.9583,0,0,0.0
6.9099,262,25.2295,19.818,0,0,0.0
6.9349,263,24.7731,20.1832,0,0,0.0
6.9589,264,23.7683,21.0364,0,0,0.0
6.9926,265,33.5589,14.8992,0,0,0.0
7.0183,266,25.4605,19.6382,0,0,0.0
7.0435,267,24.986,20.0112,0,0,0.0
7.0689,268,25.183,19.8547,0,0,0.0
7.0943,269,25.1471,19.883,0,0,0.0
7.1194,270,24.9099,20.0724,0,0,0.0
7.1447,271,25.1005,19.9199,0,0,0.0
7.1702,272,25.0634,19.9494,0,0,0.0
7.1948,273,24.368,20.5187,0,0,0.0
7.2188,274,23.784,21.0225,0,0,0.0
7.2527,275,33.6756,14.8476,0,0,0.0
7.2785,276,25.6453,19.4967,0,0,0.0
7.3041,277,25.2993,19.7634,0,0,0.0
7.3295,278,25.2008,19.8407,0,0,0.0
7.3547,279,25.0722,19.9424,0,0,0.0
7.3802,280,25.2793,19.779,0,0,0.0
7.4054,281,24.9975,20.002,0,0,0.0
7.4307,282,25.0754,19.9399,0,0,0.0
7.4552,283,24.2133,20.6498,0,0,0.0
7.4851,284,29.7251,16.8208,0,0,0.0
7.5133,285,26.6721,18.7462,0,0,0.0
7.539,286,25.4103,19.6771,0,0,0.0
7.5644,287,25.2013,19.8402,0,0,0.0
7.5897,288,25.0923,19.9264,0,0,0.0
7.6148,289,24.9047,20.0766,0,0,0.0
7.6401,290,25.0809,19.9355,0,0,0.0
7.6651,291,24.8742,20.1012,0,0,0.0
7.6904,292,25.059,19.9529,0,0,0.0
7.7148,293,24.1342,20.7175,0,0,0.0
7.7483,294,33.2753,15.0261,0,0,0.0
7.7742,295,25.6157,19.5193,0,0,0.0
7.7996,296,25.2064,19.8362,0,0,0.0
7.8251,297,25.2829,19.7762,0,0,0.0
7.8505,298,25.2134,19.8308,0,0,0.0
7.8758,299,25.1036,19.9175,0,0,0.0
7.9013,300,25.1832,19.8545,0,0,0.0
7.9263,301,24.9042,20.0769,0,0,0.0
7.9515,302,24.9655,20.0277,0,0,0.0
7.9755,303,23.7923,21.0152,0,0,0.0
7.9988,304,23.0411,21.7003,0,0,0.0
8.0229,305,23.5593,21.2231,0,0,0.0
8.0465,306,23.1007,21.6444,0,0,0.0
8.0701,307,23.1618,21.5873,0,0,0.0
8.0948,308,24.1605,20.695,0,0,0.0
8.1186,309,23.6222,21.1665,0,0,0.0
8.1426,310,23.8144,20.9957,0,0,0.0
8.1669,311,24.0431,20.796,0,0,0.0
8.1911,312,24.0258,20.811,0,0,0.0
8.2152,313,23.7359,21.0651,0,0,0.0
8.2388,314,23.3511,21.4122,0,0,0.0
8.2622,315,23.0152,21.7247,0,0,0.0
8.2859,316,23.1469,21.6012,0,0,0.0
8.31,317,23.6863,21.1093,0,0,0.0
8.3341,318,23.8377,20.9752,0,0,0.0
8.3579,319,23.5538,21.228,0,0,0.0
8.3815,320,23.4372,21.3336,0,0,0.0
8.4059,321,23.9801,20.8506,0,0,0.0
8.4295,322,23.4115,21.357,0,0,0.0
8.4536,323,23.7549,21.0483,0,0,0.0
8.4776,324,23.7681,21.0366,0,0,0.0
8.5017,325,23.9456,20.8807,0,0,0.0
8.5261,326,24.1128,20.7358,0,0,0.0
8.55,327,23.791,21.0163,0,0,0.0
8.5742,328,23.6943,21.1021,0,0,0.0
8.5981,329,23.7485,21.0539,0,0,0.0
8.6216,330,23.1373,21.6101,0,0,0.0
8.6458,331,23.7264,21.0735,0,0,0.0
8.6695,332,23.2529,21.5027,0,0,0.0
8.6939,333,23.9304,20.894,0,0,0.0
8.7174,334,23.3497,21.4136,0,0,0.0
8.7417,335,24.0237,20.8127,0,0,0.0
8.7656,336,23.7428,21.059,0,0,0.0
8.79,337,24.1914,20.6685,0,0,0.0
8.8133,338,23.0913,21.6532,0,0,0.0
8.8373,339,23.482,21.2929,0,0,0.0
8.861,340,23.4978,21.2786,0,0,0.0
8.8852,341,23.8139,20.9961,0,0,0.0
8.9088,342,23.3722,21.393,0,0,0.0
8.9327,343,23.4898,21.2858,0,0,0.0
8.9561,344,23.0383,21.703,0,0,0.0
8.9804,345,23.6682,21.1254,0,0,0.0
9.0043,346,23.734,21.0668,0,0,0.0
9.0276,347,23.0685,21.6746,0,0,0.0
9.0517,348,23.5076,21.2697,0,0,0.0
9.0751,349,23.2444,21.5106,0,0,0.0
9.0995,350,23.9868,20.8448,0,0,0.0
9.1235,351,23.7686,21.0362,0,0,0.0
9.1472,352,23.4996,21.277,0,0,0.0
9.1708,353,23.4336,21.3369,0,0,0.0
9.195,354,23.9855,20.8459,0,0,0.0
9.2189,355,23.6198,21.1687,0,0,0.0
9.2426,356,23.5305,21.249,0,0,0.0
9.2659,357,23.1626,21.5865,0,0,0.0
9.2905,358,23.9832,20.848,0,0,0.0
9.3141,359,23.4129,21.3557,0,0,0.0
9.3382,360,23.9515,20.8756,0,0,0.0
9.3619,361,23.45,21.322,0,0,0.0
9.3857,362,23.6157,21.1724,0,0,0.0
9.41,363,24.1057,20.7419,0,0,0.0
9.4338,364,23.5715,21.2121,0,0,0.0
9.4573,365,23.1349,21.6124,0,0,0.0
9.4819,366,24.139,20.7133,0,0,0.0
9.5058,367,23.7866,21.0203,0,0,0.0
9.5303,368,24.2872,20.587,0,0,0.0
9.5542,369,23.7032,21.0942,0,0,0.0
9.5786,370,23.9074,20.914,0,0,0.0
9.6028,371,24.0129,20.8222,0,0,0.0
9.6261,372,23.0946,21.6501,0,0,0.0
9.6497,373,23.2096,21.5428,0,0,0.0
9.6739,374,23.7408,21.0608,0,0,0.0
9.6981,375,23.7476,21.0547,0,0,0.0
9.7218,376,23.4651,21.3082,0,0,0.0
9.7452,377,23.0883,21.656,0,0,0.0
9.77,378,24.1687,20.6879,0,0,0.0
9.7937,379,23.5028,21.2741,0,0,0.0
9.8177,380,23.8407,20.9725,0,0,0.0
9.8412,381,23.2643,21.4922,0,0,0.0
9.8655,382,23.8915,20.928,0,0,0.0
9.8896,383,23.894,20.9258,0,0,0.0
9.9136,384,23.7772,21.0286,0,0,0.0
9.9373,385,23.5759,21.2081,0,0,0.0
9.9616,386,24.0118,20.8231,0,0,0.0
9.9856,387,23.8955,20.9244,0,0,0.0
10.0097,388,23.8538,20.961,0,0,0.0
10.0337,389,23.7535,21.0495,0,0,0.0
10.0576,390,23.4554,21.3171,0,0,0.0
10.0816,391,23.8024,21.0063,0,0,0.0
10.1057,392,23.8915,20.9279,0,0,0.0
10.1299,393,24.0061,20.8281,0,0,0.0
10.1531,394,22.9733,21.7644,0,0,0.0
10.1777,395,24.0508,20.7893,0,0,0.0
10.2014,396,23.5219,21.2568,0,0,0.0
10.2248,397,23.1964,21.5551,0,0,0.0
10.249,398,23.7153,21.0835,0,0,0.0
10.2721,399,22.9843,21.754,0,0,0.0
10.2967,400,24.0346,20.8033,0,0,0.0
10.3203,401,23.4356,21.3351,0,0,0.0
10.3445,402,23.7554,21.0478,0,0,0.0
10.3684,403,23.7208,21.0786,0,0,0.0
10.3923,404,23.7415,21.0601,0,0,0.0
10.4166,405,24.0347,20.8032,0,0,0.0
10.4401,406,23.3982,21.3692,0,0,0.0
10.4643,407,23.7758,21.0298,0,0,0.0
10.4874,408,22.8898,21.8438,0,0,0.0
10.5118,409,23.7797,21.0263,0,0,0.0
10.5355,410,23.5185,21.2598,0,0,0.0
10.5591,411,23.3023,21.4571,0,0,0.0
10.5828,412,23.2957,21.4632,0,0,0.0
10.6061,413,22.887,21.8465,0,0,0.0
10.6301,414,23.318,21.4427,0,0,0.0
10.6546,415,24.022,20.8142,0,0,0.0
10.6786,416,23.4262,21.3436,0,0,0.0
10.7027,417,23.7674,21.0372,0,0,0.0
10.7269,418,23.9977,20.8353,0,0,0.0
10.7509,419,23.7391,21.0623,0,0,0.0
10.7751,420,23.9918,20.8405,0,0,0.0
10.7992,421,23.9318,20.8927,0,0,0.0
10.8233,422,23.9173,20.9054,0,0,0.0
10.8469,423,23.366,21.3986,0,0,0.0
10.8708,424,23.6883,21.1074,0,0,0.0
10.8948,425,23.7491,21.0534,0,0,0.0
10.9181,426,23.1086,21.637,0,0,0.0
10.9426,427,23.9285,20.8956,0,0,0.0
10.9664,428,23.5893,21.196,0,0,0.0
10.9899,429,23.2743,21.4829,0,0,0.0
11.0137,430,23.2598,21.4963,0,0,0.0
11.0382,431,24.0219,20.8143,0,0,0.0
11.0622,432,23.7787,21.0272,0,0,0.0
11.0858,433,23.4518,21.3203,0,0,0.0
11.1097,434,23.6945,21.1019,0,0,0.0
11.1336,435,23.6507,21.1411,0,0,0.0
11.1579,436,24.1045,20.743,0,0,0.0
11.1821,437,23.996,20.8368,0,0,0.0
11.2058,438,23.4434,21.328,0,0,0.0
11.2301,439,23.9441,20.882,0,0,0.0
11.2539,440,23.6035,21.1833,0,0,0.0
11.2778,441,23.7092,21.0888,0,0,0.0
11.302,442,23.9395,20.886,0,0,0.0
11.3259,443,23.7343,21.0666,0,0,0.0
11.35,444,23.5933,21.1925,0,0,0.0
11.3741,445,23.9825,20.8485,0,0,0.0
11.3982,446,23.9149,20.9075,0,0,0.0
11.4223,447,23.8014,21.0071,0,0,0.0
11.4459,448,23.432,21.3384,0,0,0.0
11.4699,449,23.7929,21.0146,0,0,0.0
11.4944,450,24.2002,20.661,0,0,0.0
11.518,451,23.452,21.3201,0,0,0.0
11.542,452,23.7555,21.0478,0,0,0.0
11.5657,453,23.5698,21.2136,0,0,0.0
11.5896,454,23.5704,21.213,0,0,0.0
11.6138,455,23.7658,21.0386,0,0,0.0
11.637,456,23.0444,21.6972,0,0,0.0
11.6607,457,23.1342,21.613,0,0,0.0
11.6847,458,23.5567,21.2254,0,0,0.0
11.7083,459,23.462,21.3111,0,0,0.0
11.7329,460,24.074,20.7693,0,0,0.0
11.7566,461,23.4099,21.3585,0,0,0.0
11.7805,462,23.5537,21.228,0,0,0.0
11.8045,463,23.5186,21.2598,0,0,0.0
11.8282,464,23.4978,21.2786,0,0,0.0
11.8519,465,23.2828,21.4751,0,0,0.0
11.8761,466,23.8316,20.9805,0,0,0.0
11.8995,467,23.1497,21.5985,0,0,0.0
11.9236,468,23.668,21.1256,0,0,0.0
11.9477,469,23.9224,20.9009,0,0,0.0
11.9722,470,24.116,20.7331,0,0,0.0
11.9962,471,23.7501,21.0525,0,0,0.0
12.0205,472,24.1801,20.6781,0,0,0.0
12.044,473,23.24,21.5147,0,0,0.0
12.0678,474,23.1945,21.5568,0,0,0.0
12.0922,475,23.9364,20.8887,0,0,0.0
12.1164,476,23.9946,20.838,0,0,0.0
12.1401,477,23.5314,21.2482,0,0,0.0
12.1642,478,23.6312,21.1585,0,0,0.0
12.188,479,23.6205,21.1681,0,0,0.0
12.2119,480,23.6753,21.119,0,0,0.0
12.2361,481,23.9392,20.8862,0,0,0.0
12.26,482,23.7135,21.085,0,0,0.0
12.2839,483,23.6804,21.1145,0,0,0.0
12.3077,484,23.4088,21.3594,0,0,0.0
12.332,485,24.0213,20.8149,0,0,0.0
12.356,486,23.8362,20.9765,0,0,0.0
12.3793,487,23.1158,21.6302,0,0,0.0
12.4039,488,24.078,20.7659,0,0,0.0
12.4283,489,24.2451,20.6227,0,0,0.0
12.4522,490,23.7089,21.0892,0,0,0.0
12.4761,491,23.6564,21.136,0,0,0.0
12.5,492,23.6106,21.1769,0,0,0.0
12.5241,493,23.9412,20.8845,0,0,0.0
12.5479,494,23.5526,21.2291,0,0,0.0
12.5718,495,23.7063,21.0914,0,0,0.0
12.5954,496,23.3273,21.4341,0,0,0.0
12.6189,497,23.0916,21.6529,0,0,0.0
12.6429,498,23.3482,21.4149,0,0,0.0
12.6674,499,24.0456,20.7938,0,0,0.0
